topt,xopt,uopt,zopt,y
"[0.2431349754333496, 0.2931349754333496, 0.3431349754333496, 0.39313497543334963, 0.4431349754333496, 0.4931349754333496, 0.5431349754333497]","[0.025360107167129522, 0.01740977948287505, 0.012985279127343041, 0.00013714245548173293, 0.0006084011231179428, 0.020406412903886093, 0.013757781994191618, 0.008733111802049252, 0.002231321402196927, -0.0008731044644983105, 0.0063277390307439, 0.002925949298364643, 0.004961779739310218, 0.004577621559142203, -0.002580576254481499, -0.015167371552027256, -0.013848089012983913, 0.003255362562183215, 0.006435112765527371, -0.004000157470957568, -0.04005209600868783, -0.033623141315140846, 0.004547728925578678, 0.007425076064143479, -0.004865546862086365, -0.06381755927801064, -0.053117313915624305, 0.008311297005587354, 0.007490995703431641, -0.00512718272371499, -0.0829105627167809, -0.06962879833968319, 0.012840573175206456, 0.0067945864097492545, -0.004875790621146652]","[-0.030876733040237615, 0.0704962686731249, -0.03250437611551468, 0.04974046816722277, -0.0489935011229012, -0.12718533283245764, -0.04813292776728158, 0.10770086258520946, -0.04990052779521845, 0.07462290009898853, -0.07418500266870745, -0.19351137610192215, -0.05635778125521263, 0.12403832937206742, -0.05767982651924208, 0.0846628031380359, -0.08477925259379958, -0.22212599363174007, -0.059427454609132985, 0.12945333304368467, -0.060319566981564696, 0.08753860065703863, -0.0880310198975669, -0.23135174785275572, -0.060125588679383855, 0.13049567516294805, -0.060842750020212964, 0.0879562555548737, -0.08857251926034257, -0.23304990250455196, -0.060125588679383855, 0.13049567516294805, -0.060842750020212964, 0.0879562555548737, -0.08857251926034257, -0.23304990250455196]","[-0.007656426664126546, 0.006974395103883045, -0.012755145477496775, -0.0054260478739470005, 0.004741379652566908, -0.008646563027208955, -0.0005188187958950286, 0.0025521912028760242, 0.0005967114092226785, 0.006282434752047898, 0.0012876706217561018, 0.013555144614269907, 0.01364352422631275, 0.0013987262123533047, 0.02787364453655247, 0.020214139088481825, 0.002581315734476318, 0.0411873044135765, 0.02503929590973527, 0.004032749810936615, 0.05172554486035948]","[-0.0076977694034576355, 0.007446145200729393, -0.012818720126152039, -0.007699192464351648, 0.00743881382942202, -0.01281394430398941, -0.007689439654350275, 0.007445876979827903, -0.01282443472146988, -0.007697009444236749, 0.007434552097320579, -0.012815121495723725]"
"[0.49524569511413574, 0.5452456951141358, 0.5952456951141357, 0.6452456951141358, 0.6952456951141357, 0.7452456951141357, 0.7952456951141358]","[0.025183265009262375, 0.018098725403278827, 0.013596794395354772, 0.0006766319696086707, 0.0009052197851031798, 0.013600450247963775, 0.013331045322616003, 0.008236075482841582, 0.005001269183253637, -0.0011948797995272324, -0.013474709317256101, -0.0021475613532172142, 0.005280759706488708, 0.008641357061401605, -0.003593584207214634, -0.049279294574555293, -0.02600937035396991, 0.007438582767170107, 0.010922641999675495, -0.005562325000321192, -0.08599401456690434, -0.05381809938212431, 0.015192807256016712, 0.011735331620502583, -0.006765871677498618, -0.11730390676675283, -0.08107083856484364, 0.02609717829764437, 0.011347515497985532, -0.007192666227271311, -0.13969776452335375, -0.10438259446140456, 0.03646591876918954, 0.010163638771936333, -0.006998476462959858]","[-0.05588535095987772, 0.17821438585455754, -0.07641323434580918, -0.01354621229034017, -0.13950136095030138, -0.3377006472410944, -0.05077847172084698, 0.1991609643421865, -0.08243773664998816, 0.02061370191341271, -0.16418579014687829, -0.38593239004303626, -0.04595898189616883, 0.20388436671323196, -0.08287387154029542, 0.03328180150024866, -0.1723631964446995, -0.3994845008225722, -0.04331175077636324, 0.20338183343830513, -0.08203736508379555, 0.03621786912810038, -0.17374323883535148, -0.400361828686718, -0.04255371380214513, 0.20271064611129275, -0.08162423939503778, 0.03636783801510948, -0.17361462176119813, -0.3994967457290688, -0.04255371380214513, 0.20271064611129275, -0.08162423939503778, 0.03636783801510948, -0.17361462176119813, -0.3994967457290688]","[-0.007043336169675949, 0.007271386073805028, -0.013000983573081026, -0.00104794152009928, 0.0043679813784593124, -0.005981983630326417, 0.009130961166143196, 0.002480626087891838, 0.008698136807659237, 0.020829160834852232, 0.003047564694189539, 0.028048042131659293, 0.03154180831333869, 0.006144635887619409, 0.04836684208028236, 0.03955988444247771, 0.010479330437977165, 0.0665359093968012, 0.0442009966207859, 0.01436948922935418, 0.08060411136505319]","[-0.007020429670810693, 0.00791764774322512, -0.013035159492492676, -0.0073645272850990234, 0.007790868663787864, -0.013108748877048493, -0.007642247676849359, 0.007727389717102073, -0.013094309651851654, -0.007764854431152338, 0.007647430086135887, -0.013099972093105317]"
"[0.7453341484069824, 0.7953341484069825, 0.8453341484069824, 0.8953341484069824, 0.9453341484069824, 0.9953341484069824, 1.0453341484069825]","[-0.04656673302847931, -0.018706637477132165, 0.04945455775659211, 0.011967824123617877, -0.004497123122807407, -0.07863003198986027, -0.04172349163604869, 0.04788518208329132, 0.012545049842401372, -0.00472714030661356, -0.10749453863694072, -0.06203307475310141, 0.050160318558725686, 0.01206780726558207, -0.004740294698179076, -0.12921858605101189, -0.07847416192076818, 0.0531284515419782, 0.010811846636114553, -0.004456866203200859, -0.14229109907138346, -0.09008149382135609, 0.05424356554066169, 0.00910784718870407, -0.00390722965495381, -0.14705756510753643, -0.09640955043884102, 0.052329175932607115, 0.007240417395075868, -0.003167261635246602, -0.14492798510790234, -0.09756855218100607, 0.047499025494939284, 0.005427818457714617, -0.002327833368586274]","[-0.033070197915306326, 0.18113096981165153, -0.07201528671103712, -0.10509591586148517, -0.15888026832818009, -0.3604919041283893, -0.019270202509376562, 0.1793454063201184, -0.06806652645646978, -0.08883172809150178, -0.16699506148565624, -0.3667839049823665, -0.012556950408373138, 0.17736200332741392, -0.0657536347595388, -0.08235659216821074, -0.16981873381840243, -0.3674921197669539, -0.010197852469509563, 0.17644077819877152, -0.06487109991364283, -0.0803783672219002, -0.1705915766991819, -0.367265839424564, -0.009749028249954253, 0.1762577510134102, -0.06470378495649075, -0.08001520078821481, -0.17073331193480767, -0.3672054276499023, -0.009749028249954253, 0.1762577510134102, -0.06470378495649075, -0.08001520078821481, -0.17073331193480767, -0.3672054276499023]","[0.02165094296019211, 0.02276471235593349, 0.024479850897482704, 0.031541157669393194, 0.0214482008885113, 0.041103334689398974, 0.039969588086330866, 0.021761941739509426, 0.055458243038363234, 0.04565214905234353, 0.02225803231588471, 0.06628070208798802, 0.04831523776765751, 0.021885988499066065, 0.07296074001891355, 0.048347516362524524, 0.020254929041096038, 0.07550705834598681, 0.04644757870257622, 0.0175294053380347, 0.07438383016797609]","[0.021629943549633032, 0.02475041666030886, 0.024854499912261963, 0.019503108263015753, 0.024009262704849266, 0.02069825313091278, 0.017612903416156775, 0.02301595129966738, 0.01706809184551239, 0.015935285985469824, 0.0220080963611603, 0.014271441912651062]"
"[0.9971261024475098, 1.0471261024475098, 1.0971261024475099, 1.1471261024475097, 1.1971261024475097, 1.2471261024475098, 1.2971261024475098]","[-0.14973850374097833, -0.07610667184762726, 0.09717365988738982, 0.010013664402268486, -0.0005733026656213378, -0.15047339875811136, -0.07435735126047635, 0.08304524554885742, 0.008779809657864316, -0.0010030424505368138, -0.14976953722479436, -0.07485148960703725, 0.07136489111390631, 0.008007566283329768, -0.0017725682076087394, -0.14880263082287642, -0.07807128105688392, 0.062272500449205806, 0.007549736944009023, -0.0025398254087231503, -0.14812619148828798, -0.08329589211238907, 0.05548083924300319, 0.007254676639106962, -0.0031225736307051045, -0.1478114635225933, -0.08937440451125386, 0.0504707580515247, 0.00701371146926302, -0.0034603845176019755, -0.14769920034431822, -0.09520725332713013, 0.046680123727314955, 0.006778354154635187, -0.0035634350113422013]","[-0.007146988163599184, 0.20899444415085977, -0.07828657475918194, -0.12466823314984998, -0.20765188796108916, -0.4369543482345414, -0.00982294907518868, 0.2309227874079276, -0.08810972701773935, -0.1015565781286786, -0.22895266806341535, -0.48063808146871495, -0.014557106491164573, 0.24379507897362357, -0.09440892748742462, -0.0919991633174453, -0.23901332814088655, -0.5040832866856568, -0.017909770171173692, 0.24963143099803997, -0.09744526275203055, -0.08917518312830855, -0.24262685739730414, -0.513878556513016, -0.019082432166100498, 0.25120790527219833, -0.09829159659347875, -0.08873486633878645, -0.2433831958814426, -0.5163415521173534, -0.019082432166100498, 0.25120790527219833, -0.09829159659347875, -0.08873486633878645, -0.2433831958814426, -0.5163415521173534]","[0.055617798253321415, 0.041591450586311834, 0.06745823535747843, 0.05543694960547997, 0.03472086021641404, 0.06638876213823561, 0.054382512347745555, 0.029191724620446693, 0.06644019167021681, 0.052884171175885016, 0.02494658720288396, 0.06778966203589769, 0.05128258382330659, 0.02177819712457155, 0.07005758317259335, 0.04978099659035295, 0.01941188583417993, 0.07267091352825784, 0.048487595862097686, 0.017582750083037533, 0.07509970789126222]","[0.055100209116935736, 0.04321250834465029, 0.06692450127601623, 0.055156401395797736, 0.043366586351394676, 0.06723077974319458, 0.05509539604187012, 0.04346272864341738, 0.06749318919181824, 0.05492188692092896, 0.043404763126373314, 0.06766018650531769]"
"[1.2423009872436523, 1.2923009872436524, 1.3423009872436524, 1.3923009872436523, 1.4423009872436523, 1.4923009872436523, 1.5423009872436524]","[-0.12207951046646427, -0.06839791553488135, 0.08571074383647106, 0.008606044724838155, -0.0016932487102804194, -0.12519115955306254, -0.0705971235414406, 0.0730094864817577, 0.008722304761838382, -0.0016248499935979672, -0.13176525414543366, -0.07267821149413438, 0.06411435244830128, 0.009206781704266098, -0.0016949530616003244, -0.141151957317461, -0.07506645352431406, 0.05864838276839691, 0.009652236598512895, -0.0017623278980772785, -0.1517168281189101, -0.07757072451571226, 0.055571801205556354, 0.00983959361834927, -0.00178141263134826, -0.16171059843889402, -0.07982897367781285, 0.0537574534808487, 0.009705252090334895, -0.0017475074075077404, -0.16978815023895522, -0.08151958243462075, 0.05228233103815939, 0.009290737843630556, -0.001672581560623878]","[-0.037110217105778324, 0.2258823416508482, -0.09171300017765155, -0.14675798288236203, -0.20337231875565648, -0.4506378996936459, -0.053791869187648736, 0.2538138240967376, -0.10693561115958891, -0.13467252916802483, -0.22060665600455057, -0.49680644272707775, -0.062441032395694054, 0.2671906828738494, -0.11423293602107379, -0.12961118920825115, -0.2282731685151292, -0.5185046917778242, -0.06593152703898492, 0.2721590046352369, -0.11694340485167973, -0.12803741030083504, -0.23087162445997528, -0.5263869150405449, -0.06678000709404462, 0.2732655590181591, -0.11754372617237818, -0.12776282615784337, -0.23138441976945454, -0.5280968993939373, -0.06678000709404462, 0.2732655590181591, -0.11754372617237818, -0.12776282615784337, -0.23138441976945454, -0.5280968993939373]","[0.04389457882849157, 0.03685891917104431, 0.058624229617712555, 0.044972451831365716, 0.030852722749272025, 0.05997487974433472, 0.047743251795613895, 0.026662944110054224, 0.06224034725590541, 0.05164016914158348, 0.024004919111721666, 0.06523290933909241, 0.055876611403924734, 0.022361658015910647, 0.06842242355479242, 0.05973082273459862, 0.021221819123317012, 0.07126466085688518, 0.06270562259329289, 0.020198136403713495, 0.07336495894518932]","[0.043541125059127814, 0.03851846375465395, 0.05828823528289795, 0.0436334377527237, 0.038516496801376365, 0.05802999815940857, 0.043787009119987494, 0.038565909051895164, 0.057824883675575256, 0.04400949835777283, 0.038531755590438865, 0.057662490820884704]"
"[1.4855120182037354, 1.5355120182037354, 1.5855120182037354, 1.6355120182037353, 1.6855120182037353, 1.7355120182037354, 1.7855120182037354]","[-0.12486163967241956, -0.06668518874517101, 0.08660959934930082, 0.008670175048117432, -0.0012274181890260419, -0.12797411387282834, -0.06669085786734709, 0.07310633281530986, 0.008815691224749884, -0.0008435122140369051, -0.13487145007574106, -0.06543783174064408, 0.06384631184183712, 0.009340033043110844, -0.00048377899410076614, -0.14472078079533662, -0.06342882086145823, 0.05822553560456595, 0.00979468750547835, -0.00017694258648975818, -0.15566546248128516, -0.06101902727578062, 0.05507630534948322, 0.009968669010684893, 4.7430413086034886e-05, -0.1658366464246759, -0.05849444141795936, 0.05318570346634408, 0.009815136058652233, 0.00017538272976856174, -0.173879365041387, -0.056084181725339244, 0.05159941781010935, 0.009388941966505858, 0.00021103279749445727]","[-0.05296538260985117, 0.22681095324555497, -0.0958099816958339, -0.1668846821536656, -0.19289450662712748, -0.4410013602720198, -0.07728949758629505, 0.2546076323971958, -0.11277383654249283, -0.1652255154306972, -0.20446902818330837, -0.4813014245456127, -0.08887620092157988, 0.267557442719667, -0.12059302079479327, -0.16464097069748787, -0.20956962615249114, -0.4999558554054749, -0.09314279809698343, 0.2722088887632779, -0.12336505659919775, -0.16450877639089545, -0.21128067289639818, -0.5066042415064921, -0.0940837310608033, 0.2732034250169744, -0.12394669091926741, -0.16450166940498578, -0.21161276193693326, -0.5080105268575454, -0.0940837310608033, 0.2732034250169744, -0.12394669091926741, -0.16450166940498578, -0.21161276193693326, -0.5080105268575454]","[0.04560761573693554, 0.037190624006847806, 0.05819366076310793, 0.04722068527431535, 0.030821193511198525, 0.05840519596260819, 0.05092539015489789, 0.02647570256463023, 0.05904668596384244, 0.05598024147292287, 0.023764393980008663, 0.06000703681722307, 0.06137876050013234, 0.022112524338468015, 0.06099358190390069, 0.06622922428549326, 0.02096964296494271, 0.06173521051495487, 0.06994018795304643, 0.019933359154094978, 0.06206934630268683]","[0.04520618081092835, 0.03885365047454836, 0.05782010040283203, 0.04534796535968781, 0.038901989841461204, 0.057770852065086364, 0.04547338843345643, 0.03893411674499514, 0.05771886191368103, 0.045517719388008124, 0.03897107162475588, 0.057681623911857605]"
"[1.7438597679138184, 1.7938597679138184, 1.8438597679138184, 1.8938597679138183, 1.9438597679138183, 1.9938597679138184, 2.043859767913818]","[-0.12433800874559557, -0.06676595758086973, 0.08622686581436145, 0.008773226703897997, -0.0011710405059519203, -0.12804837114661563, -0.06500321109841092, 0.07290401691581724, 0.008886741673012925, -4.4576406690561695e-05, -0.135293092432506, -0.05886107587258586, 0.06356413253223445, 0.00927161367752568, 0.0012264324583943435, -0.14498607630350338, -0.0492321958948381, 0.05748727819871388, 0.009548440379766958, 0.0023230849298485324, -0.15520803347983742, -0.03768118035925723, 0.053529417417550615, 0.009550916913824078, 0.003080786517486598, -0.1641832880516948, -0.025855961293323026, 0.05060454577020678, 0.00926654464698472, 0.0034557433979581676, -0.17075044301540354, -0.015139556516568942, 0.04792884114127495, 0.008767339587084765, 0.003480021351297668]","[-0.07173507464749412, 0.21857302741867496, -0.09659487263970927, -0.20187917114450027, -0.1704756234479474, -0.4102889729922031, -0.10381858265250773, 0.24120236533948652, -0.1131738362925925, -0.21686370417788503, -0.1709353517080467, -0.43421139328893466, -0.11749462731093589, 0.25139898892628687, -0.12034843411722303, -0.22245049885778861, -0.17162136984629234, -0.4456084425717169, -0.12181130331636544, 0.2549123001982015, -0.12268289659976395, -0.2237996088615322, -0.17211018038098733, -0.4498408609557004, -0.12257333188183597, 0.2556245344920839, -0.12311861634400643, -0.2239109680760661, -0.17228303749113935, -0.4507846071218627, -0.12257333188183597, 0.2556245344920839, -0.12311861634400643, -0.2239109680760661, -0.17228303749113935, -0.4507846071218627]","[0.04544499807281462, 0.03704534914037976, 0.05812321497439738, 0.04786880326628565, 0.030704118998625417, 0.05724498629108083, 0.05285913439683161, 0.026295377818450406, 0.05525417404390881, 0.059436523631447656, 0.02341199525474042, 0.052352735519660853, 0.06631883691077016, 0.021480038543224625, 0.04885481487569545, 0.07240721435045085, 0.019982891068204053, 0.04512882766077877, 0.07699620577640104, 0.01857220308229346, 0.041542623814733316]","[0.04507199585437775, 0.038740997695922874, 0.05775192759037018, 0.04511029183864594, 0.03874671974182131, 0.05770299217700958, 0.04514238893985749, 0.038743977928161644, 0.05763602635860443, 0.04517582714557648, 0.03874910392761233, 0.057587597584724426]"
"[1.9939913749694824, 2.0439913749694822, 2.0939913749694825, 2.1439913749694823, 2.1939913749694826, 2.2439913749694824, 2.2939913749694822]","[-0.12415641456298832, -0.06700799957725195, 0.08617007048476663, 0.008717001215302372, -0.0010854144233896964, -0.12710908407047847, -0.06313788746542578, 0.07323454124393883, 0.008562086487065053, 0.0008185149659327995, -0.13289786341317725, -0.05133115669866588, 0.06310922105751611, 0.008688920018016648, 0.00314119478991866, -0.1407759073785037, -0.03272840041916608, 0.05607340760854457, 0.008773200907506162, 0.005195830174323401, -0.14900543858256238, -0.010293421240376072, 0.05189841588308814, 0.008703528580199465, 0.006616969613433004, -0.15599821303967243, 0.01260020625941484, 0.04979770671398233, 0.008498864774630924, 0.007295948279172584, -0.16085699448322252, 0.03304281565451399, 0.048704603576513336, 0.008222826726157078, 0.0072865575499208406]","[-0.09199788855605531, 0.20585846096427662, -0.09560308292131223, -0.244003762027322, -0.14203419698043349, -0.3693660330656992, -0.13212522972677423, 0.22113417689352974, -0.11090145044850955, -0.278609967589935, -0.12881834235648446, -0.3721981389674907, -0.14770858332656145, 0.2276824590431873, -0.11701789300382867, -0.2912147102670488, -0.12427478940104937, -0.3746112311770613, -0.15185473412593084, 0.22977861576265848, -0.118752455749804, -0.2940948734675487, -0.12340957547590865, -0.3760063797959094, -0.1523438911327698, 0.23015694292185357, -0.11900104375472315, -0.29426391972526283, -0.12343826379104056, -0.3764479467435835, -0.1523438911327698, 0.23015694292185357, -0.11900104375472315, -0.29426391972526283, -0.12343826379104056, -0.3764479467435835]","[0.045314276727133077, 0.03700125777214837, 0.05812201686979102, 0.04789358485859687, 0.030770708924829207, 0.055640012103079874, 0.05351204442316727, 0.026027021188373023, 0.05019470539500929, 0.061196788022788016, 0.02287271985122728, 0.042414696193744945, 0.0694346180190517, 0.021118434594371925, 0.033401328251743995, 0.07687540371630708, 0.020306752817947533, 0.02435430845762964, 0.0826479951769301, 0.01988558809280299, 0.016332567963485183]","[0.04494514226913453, 0.03868994631767275, 0.057748738741874694, 0.044976419806480414, 0.03872657337188723, 0.05774744234085083, 0.04501322567462922, 0.038730000638961815, 0.05773601315021515, 0.04503268659114838, 0.03872523226737978, 0.05772796652317047]"
"[2.2468791007995605, 2.2968791007995604, 2.3468791007995606, 2.3968791007995605, 2.4468791007995607, 2.4968791007995605, 2.5468791007995604]","[-0.12372550448186596, -0.06667482915734277, 0.08589094552825925, 0.008699306605795572, -0.0010427983799159478, -0.12622231454898403, -0.06077134241914584, 0.07285931556779568, 0.00826162699067234, 0.0017349109826612047, -0.13050409969713272, -0.042939044998489224, 0.06221478012827374, 0.00797385753918588, 0.0052026269355012105, -0.13570451715844947, -0.01465800485806804, 0.05482890182661967, 0.007677968741115449, 0.008276794322734616, -0.14033531745867645, 0.0195253355437207, 0.05118600014297857, 0.007398280062760876, 0.010387718361515853, -0.14334194643148201, 0.05435174831885981, 0.05071969478607664, 0.007223311404723997, 0.0113773473536103, -0.1445001435835959, 0.08532027341655954, 0.052015897680152884, 0.007208626061160211, 0.011346321700816368]","[-0.10725791628292722, 0.18552812301300817, -0.09100798208808031, -0.2896301584516294, -0.1097386806137481, -0.3157184268591876, -0.15259867947709835, 0.18956387093063912, -0.1031224942471593, -0.3452680947010688, -0.08107997621228101, -0.2911766531594965, -0.16874544610370695, 0.19085196081237224, -0.10735540158199122, -0.36524912151222305, -0.07069893375285914, -0.2821256811359098, -0.1722414696702085, 0.19105806010874374, -0.10823123813880972, -0.36965386422698987, -0.0683653257292048, -0.2800177162018566, -0.17235952286970851, 0.1910339826296259, -0.10825000690917652, -0.3698428019352187, -0.06825526964117912, -0.27988085122727646, -0.17235952286970851, 0.1910339826296259, -0.10825000690917652, -0.3698428019352187, -0.06825526964117912, -0.27988085122727646]","[0.045193614950150306, 0.03687895826019876, 0.05785679166594699, 0.04807057314864688, 0.030527103010723828, 0.05379478267547457, 0.05429991275353448, 0.025593081671981717, 0.04462718988938324, 0.06275336134277525, 0.022546495878098982, 0.031407017661124144, 0.07172582508652013, 0.021470723193573304, 0.01613863928599823, 0.07976470614326701, 0.021879437640619087, 0.0009885451448104767, 0.08601269492606203, 0.022941725383578457, -0.012201707004935945]","[0.044823295474052435, 0.0385924629211426, 0.057488296246528625, 0.044858536720275885, 0.03858420767784121, 0.057490546321868896, 0.04486852049827576, 0.038589303874969505, 0.057499799942970276, 0.044879100322723395, 0.038615291500091575, 0.057495880937576294]"
"[2.4977798461914062, 2.547779846191406, 2.5977798461914063, 2.647779846191406, 2.6977798461914064, 2.7477798461914062, 2.797779846191406]","[-0.1215088554440147, -0.0669554314730412, 0.08714696946411196, 0.008763203642878548, 0.0004907846154447063, -0.12497110597846725, -0.05242998540357033, 0.07157806569434658, 0.008085247933784985, 0.004334973734010847, -0.12902371246629457, -0.023601870312193695, 0.05957565462493391, 0.007273634579616429, 0.008511758946480642, -0.13185363574259593, 0.01608143160635753, 0.05226754617112836, 0.006466238228744789, 0.011843405162357686, -0.13221122330790774, 0.06024621265939106, 0.049981048321993626, 0.005886688550586884, 0.013813468202412084, -0.1299980754206829, 0.10243449633749853, 0.051472430199699125, 0.0056887629748032156, 0.01439853466441284, -0.12613349992493497, 0.13769612506116644, 0.05451437568485814, 0.005881184210421241, 0.01384067309341005]","[-0.24677751092211483, 0.17437745587649953, -0.11890469788235099, -0.19557717764233395, 0.0030268861979700634, -0.19083912601109154, -0.2763976227295173, 0.1639371818510646, -0.12170943386279619, -0.24829491382636687, 0.03531956922817749, -0.1473494099562284, -0.2826525862167381, 0.15835786522812853, -0.12099780114875597, -0.2636662108915636, 0.045634244309588165, -0.13107432248767587, -0.281564863949406, 0.15607180900197487, -0.11986945228535661, -0.2650859462632021, 0.047207857321473166, -0.12706516608338314, -0.28045205862454126, 0.15551283473081418, -0.11941251620750973, -0.2643151253422375, 0.04696660355222806, -0.12669641516082578, -0.28045205862454126, 0.15551283473081418, -0.11941251620750973, -0.2643151253422375, 0.04696660355222806, -0.12669641516082578]","[0.04469326113529009, 0.03741941388374306, 0.05669941439492798, 0.04983185397635369, 0.02994266145494402, 0.048342408129674476, 0.0579688318516448, 0.024640832527530014, 0.03376091100682268, 0.06731345028670395, 0.022054870010279785, 0.014822248601346896, 0.076047944899127, 0.022045182195901288, -0.005612474598837722, 0.08300850158636208, 0.023690605897866455, -0.024741513842544943, 0.08779158172404102, 0.02573215975005093, -0.040406850954076326]","[0.04464629948139191, 0.03932178535461428, 0.056168410992622375, 0.04377321064472199, 0.03929254927635195, 0.05697176239490509, 0.043376616239547736, 0.0392137221336365, 0.057635773038864135, 0.04356390893459321, 0.03935036578178408, 0.05791388831138611]"
"[2.7447683811187744, 2.7947683811187742, 2.8447683811187745, 2.8947683811187743, 2.9447683811187746, 2.9947683811187744, 3.0447683811187742]","[-0.13621624750330094, -0.04424682632953838, 0.09359732043286591, 0.010485342817124935, -4.540641142289661e-05, -0.13957262258491135, -0.03472696586077397, 0.07745362527084475, 0.008211065389967947, 0.004581470590618513, -0.13789268464969495, -0.005699441793320815, 0.06295732752042683, 0.005858395025289852, 0.009708491419961562, -0.13102483741531262, 0.03870759039309985, 0.05283868560073086, 0.003861661144041021, 0.013921447833494197, -0.11967212806812746, 0.09059823948918641, 0.04925610566569524, 0.0026154496430492434, 0.016551670049371053, -0.1055761081148498, 0.14176875043484555, 0.0517817318799521, 0.0023094365191232377, 0.01753374269209101, -0.09119212804727873, 0.18582487879064424, 0.05776363178336318, 0.0028718408178784916, 0.017156685304488873]","[-0.3554906006003897, 0.12209599043485245, -0.12404152721774406, -0.09754901879073626, 0.13579345025301864, -0.0017933775125507645, -0.38348834613208693, 0.10430694643462607, -0.12387806825349393, -0.15759895300417812, 0.17432453514359803, 0.056079652363103236, -0.3897213783006212, 0.09752099213191612, -0.12279556157650341, -0.1745608485759199, 0.18579792086600416, 0.07491594153048886, -0.3889742490336534, 0.09586965137701633, -0.12199280935336572, -0.1756374463491766, 0.18696198917178572, 0.07783588923627265, -0.3880284693216511, 0.09574516348066017, -0.12172477764255393, -0.17452604760536136, 0.1864053989169078, 0.07740610843271072, -0.3880284693216511, 0.09574516348066017, -0.12172477764255393, -0.17452604760536136, 0.1864053989169078, 0.07740610843271072]","[0.056196926033097803, 0.040722552986418054, 0.05075244818054018, 0.05961309392051409, 0.0325309704292164, 0.04351545981857469, 0.06468130500124844, 0.025970553653845034, 0.0265921469652058, 0.07029488470295599, 0.022456808408518387, 0.0027528399312047574, 0.07521003341364683, 0.022579833262017283, -0.023940542691716984, 0.07871875280685374, 0.025541700094480563, -0.04954908810370319, 0.08079546011342871, 0.02966418814099941, -0.0710604323908778]","[0.05581685066223145, 0.04255119481086733, 0.05027877173423767, 0.0554226702451706, 0.04241496839523318, 0.05010751268863678, 0.0551431691646576, 0.04227629818916323, 0.04989757022857666, 0.0549690192937851, 0.042167996549606346, 0.04958871386051178]"
"[2.995182752609253, 3.0451827526092528, 3.095182752609253, 3.145182752609253, 3.195182752609253, 3.245182752609253, 3.2951827526092528]","[-0.14208843243993097, -0.019792864304155663, 0.08755562991532478, 0.005108029672153511, 0.006186336631063129, -0.12598824548081722, 0.011960052243688912, 0.06428777578434565, 0.00261458099589108, 0.009834749770329287, -0.10852605700132133, 0.05374691727262527, 0.04848907232223266, 0.0012085236343102408, 0.013064790697504778, -0.09194010893010383, 0.0998019502079467, 0.04125880567185848, 0.0009151256893881338, 0.015003212515110846, -0.07796374081740386, 0.1432344483149337, 0.04084579599871186, 0.0015712433181307517, 0.01547555055763051, -0.06798488824429884, 0.1786172954983536, 0.04372308916057731, 0.002861853754749554, 0.014740049688354283, -0.06292594202538143, 0.20292475431991502, 0.04643652715488738, 0.0044215075561939085, 0.013192291866593812]","[-0.4635614430733659, 0.09666843040019932, -0.14079576998248713, 0.08457228752238821, 0.23927435128257762, 0.13110706208440512, -0.4972864567681981, 0.10196894127786432, -0.15108696332926452, 0.045646125606731314, 0.25792405968379983, 0.14472869924546508, -0.509333521843878, 0.1074424654803182, -0.15597303122592257, 0.036444640796419875, 0.26102151152393077, 0.141963898667885, -0.5120982900192398, 0.11061569434735745, -0.15772344283976114, 0.036868747641113225, 0.25983558850953264, 0.1372384341307754, -0.5122765570399896, 0.11157533484911518, -0.1580846413795099, 0.03789111468643678, 0.2590101780258721, 0.13532700583266935, -0.5122765570399896, 0.11157533484911518, -0.1580846413795099, 0.03789111468643678, 0.2590101780258721, 0.13532700583266935]","[0.062097954760529706, 0.036573606290405805, 0.035661812451982154, 0.06091001234223678, 0.026573827467658868, 0.01540013307783201, 0.061532257587790275, 0.020905678625870144, -0.008664689956745329, 0.06348149841870766, 0.01948029321682304, -0.03315370193556222, 0.06604788528300527, 0.020874322431444953, -0.05478111576443472, 0.06877465473537275, 0.023124507248102808, -0.07122949399787257, 0.07147453832578485, 0.024596146981123626, -0.08137041967614751]","[0.06201056301593781, 0.03851458945274355, 0.034677911615371704, 0.06248617827892304, 0.03905293860435488, 0.038806501841545105, 0.06326412320137025, 0.039565359735488914, 0.04160148284435272, 0.06363230109214783, 0.0397886983394623, 0.04387735209465027]"
"[3.244600296020508, 3.2946002960205076, 3.344600296020508, 3.3946002960205077, 3.444600296020508, 3.494600296020508, 3.5446002960205076]","[-0.03384735869165172, 0.12914791949203688, 0.07676112540536202, 0.0034610903398410086, 0.0082154926892288, -0.028905693637384017, 0.1394035215132731, 0.061004199683125565, 0.004567923472464403, 0.00844797119385979, -0.03223923518965836, 0.1491199657160591, 0.05043812113250663, 0.005799347316829367, 0.009072945440826001, -0.04159183255036805, 0.15891076852163497, 0.04422361429565899, 0.006795395849947457, 0.009620068345937401, -0.053992752967724815, 0.16807480435486416, 0.04110655926010571, 0.00740170691128645, 0.009872067107016332, -0.06676435318482513, 0.1756223694577249, 0.03965485474358607, 0.007599925378909716, 0.009796366094034198, -0.07797039523544776, 0.1808375441454107, 0.038587365217913214, 0.007432852984797834, 0.009459726700092475]","[-0.5139101241969837, 0.10895916588366579, -0.1737163591706139, 0.17446106626996016, 0.30389699584669616, 0.18701963142313466, -0.5418909229421948, 0.10327744037738339, -0.17918380481348375, 0.1283710567351609, 0.32910783797044063, 0.22023431144594985, -0.5505874357214724, 0.09659709152477114, -0.17916042445398986, 0.10764636557568916, 0.34188758767667443, 0.24101910989103756, -0.5516833728199992, 0.09229197849779673, -0.1779812259457473, 0.10049100942353947, 0.34695547187258674, 0.2510185172796105, -0.551364372619063, 0.09084393061242324, -0.17742619794128903, 0.09901335001216063, 0.34816345663081444, 0.2538673127702261, -0.551364372619063, 0.09084393061242324, -0.17742619794128903, 0.09901335001216063, 0.34816345663081444, 0.2538673127702261]","[0.042645944485257055, 0.037399613953404506, -0.05223461570291956, 0.04329022514816199, 0.030379512371247516, -0.057587942392761424, 0.04759946669938747, 0.025677811169773215, -0.06118063425430141, 0.05432872338876806, 0.022860453188592502, -0.06360995361831732, 0.061896837808202494, 0.021316523331224826, -0.06510797559815329, 0.06894872057390587, 0.020386730737554013, -0.06577493482162372, 0.07457381030853202, 0.019518776683883125, -0.06571297158364177]","[0.04273960649967194, 0.03900486745834353, -0.052488986337184906, 0.04322328329086304, 0.038830583477020286, -0.05134586983323097, 0.04396159112453461, 0.03863192119598391, -0.04973423101902008, 0.04472737669944764, 0.03838378705978396, -0.04821256169080734]"
"[3.4937119483947754, 3.543711948394775, 3.5937119483947755, 3.6437119483947753, 3.6937119483947756, 3.7437119483947754, 3.793711948394775]","[-0.06255225276364855, 0.1078664276260463, 0.08032493349296226, 0.00703411325667165, 0.0058610848059918305, -0.06263050371238803, 0.11264492963779178, 0.06359776453860962, 0.005457434090896123, 0.0071826188420904425, -0.0602787116055264, 0.12386130418996581, 0.05182540248494443, 0.004089950224049614, 0.009054390115459325, -0.055732957309046295, 0.14099121145987756, 0.044639455766046186, 0.0030705008997394495, 0.010698709569951639, -0.049574566735508044, 0.1611999615382516, 0.04116367674428294, 0.002476358186278605, 0.011738649558857662, -0.04271805364047094, 0.18118354403881615, 0.04011701294288588, 0.002305440186631418, 0.012098219280545268, -0.0362298037595456, 0.19822798903836608, 0.040076287563658275, 0.0024835154148031276, 0.011869018714002755]","[-0.5043229481529875, 0.07243086408946592, -0.18533047216236073, 0.23524287256668472, 0.3620514889059728, 0.33337362442666607, -0.5299693140930937, 0.05932499292248624, -0.1875719188302891, 0.18279161890715231, 0.3931223356482703, 0.380518630344146, -0.5395324709983262, 0.053437355738063796, -0.18803221607856074, 0.16196955742782299, 0.40573944245302823, 0.4001995040486536, -0.5419024902314277, 0.051459604736244745, -0.1879626832786377, 0.15614166247562972, 0.4093919386313624, 0.40617214411739383, -0.5421221924336287, 0.05107912394265711, -0.18789168231450928, 0.15534156669411459, 0.40992602191841565, 0.4071451195921459, -0.5421221924336287, 0.05107912394265711, -0.18789168231450928, 0.15534156669411459, 0.40992602191841565, 0.4071451195921459]","[0.052530016431504296, 0.03783430323039851, -0.03471161793593152, 0.05305650311320593, 0.03005770163993462, -0.03826450907793298, 0.05402822012784347, 0.024984544645127307, -0.04525135615261446, 0.05525187791953067, 0.022288514767090314, -0.05492934297961864, 0.05636093177740079, 0.02137737919680338, -0.0657359025593695, 0.05711825536606027, 0.021489259634760956, -0.07603536416357504, 0.05748715992091163, 0.021854775861304486, -0.08453093546589435]","[0.05240344166755677, 0.03972211995124819, -0.03505283215045929, 0.05262064099311829, 0.03968877115249636, -0.03480185934305191, 0.05222579002380372, 0.03919309892654421, -0.03476266928911209, 0.0527892029285431, 0.039352243328094505, -0.03446587541103363]"
"[3.7444846630096436, 3.7944846630096434, 3.8444846630096436, 3.8944846630096435, 3.9444846630096437, 3.9944846630096436, 4.044484663009643]","[-0.02184482710130285, 0.13855701309082852, 0.08752142872875732, 0.005262049684507016, 0.007376039057124354, -0.018990891466500674, 0.14420807533747437, 0.07092252055622385, 0.004501114634650092, 0.007856548549853412, -0.017633620578272335, 0.15146543470873386, 0.05863767214796045, 0.0041890940887237, 0.008497880166395966, -0.018062669212311356, 0.15977767505718665, 0.04994005032894357, 0.004119684456229244, 0.008936925009395146, -0.019923433586533337, 0.16776549286112977, 0.04375166993703142, 0.004146321100400837, 0.00903822109501898, -0.022672270418865284, 0.17409976676060593, 0.038998687521939954, 0.004174447114906595, 0.008814764937029191, -0.025799499749727967, 0.17791275573869833, 0.034839103940949, 0.004145814961129961, 0.008349318421433142]","[-0.5006873668330741, 0.058500168395016885, -0.2033673117356369, 0.28655680723912447, 0.3302163132239298, 0.427555360415449, -0.5246929161357249, 0.060484946715899685, -0.21035578375291816, 0.25612047392845627, 0.3450452920452356, 0.4413178416454722, -0.5336191388780159, 0.06082126807888132, -0.2127601581327485, 0.24434102653279904, 0.35100626045924527, 0.4472606560720505, -0.5357787679139208, 0.06062685753202376, -0.21323295054881236, 0.24114682509923607, 0.35273618355783426, 0.44927756252226947, -0.5359499636530596, 0.060489009328409914, -0.21323001337224443, 0.24073242642883463, 0.3529949142203258, 0.44969792955016447, -0.5359499636530596, 0.060489009328409914, -0.21323001337224443, 0.24073242642883463, 0.3529949142203258, 0.44969792955016447]","[0.03991734240654688, 0.04298487358805909, -0.05747198219753678, 0.03955002447405897, 0.03530303579790329, -0.06122063207695784, 0.040445797761239875, 0.029751530476719072, -0.0652348143541373, 0.042370546215006175, 0.025847459301855114, -0.06910915835207641, 0.04477934699413798, 0.02300949549899432, -0.07230785611313992, 0.04714342360947674, 0.02071548950054398, -0.0744136605105873, 0.04908160201809339, 0.01859066851194942, -0.07522437794460944]","[0.03968990504741669, 0.04517987885475161, -0.057942431354522705, 0.04027398586273194, 0.04478067674636843, -0.05715102695822716, 0.04068282902240754, 0.04444760599136355, -0.05655550950169563, 0.04086811006069184, 0.04402560510635378, -0.056012559616565705]"
"[3.994223117828369, 4.044223117828369, 4.094223117828369, 4.1442231178283695, 4.194223117828369, 4.244223117828369, 4.294223117828369]","[-0.0017633090628228745, 0.1634117968786746, 0.0980335401058708, 0.00781584789731753, 0.007231601326004504, -0.008155918754008893, 0.1619007004362819, 0.07994462854982964, 0.0067941674758648105, 0.0069119153238451645, -0.013211082297509271, 0.1596321460168682, 0.06516362872969957, 0.005721217480079653, 0.006567168118984122, -0.016278237118626263, 0.15658366883178634, 0.05274463401690403, 0.004621481770641852, 0.006145251480461896, -0.017176539831446343, 0.15264555290774945, 0.041990801317631055, 0.003566960822688206, 0.00566161702442253, -0.016167394107142876, 0.14780493895374022, 0.03245640337114239, 0.0026184573110724393, 0.005156984816821228, -0.013777876065111263, 0.1421971803705251, 0.023907497569192426, 0.0018138179551474658, 0.004678960742561254]","[-0.4591343194140619, 0.05440933654457157, -0.21320271783811054, 0.3286986083930846, 0.3126075553695376, 0.46798917557378783, -0.46226404981942143, 0.049503793562442264, -0.21244833004031355, 0.31782069138846836, 0.3196174519550822, 0.4808851491718068, -0.4629492478926721, 0.04660675254738443, -0.21167982291552936, 0.31302573077444584, 0.32295866166813775, 0.48760730326382057, -0.46296009463280047, 0.04535979529444934, -0.21127373207349465, 0.3113576121162845, 0.3241995669745251, 0.4902816767976805, -0.4629232641342522, 0.04505301275930896, -0.21116493203473566, 0.3110013063859406, 0.32447648806332424, 0.49090885031802317, -0.4629232641342522, 0.04505301275930896, -0.21116493203473566, 0.3110013063859406, 0.32447648806332424, 0.49090885031802317]","[0.03724260301281374, 0.049014649036718, -0.07118151780207614, 0.03913336446205545, 0.04001769562927831, -0.06964982217295491, 0.04026491519268292, 0.03268469731171909, -0.06798632930697389, 0.04034406384728916, 0.026544975666290844, -0.06629743772104232, 0.03932011120938462, 0.021266918086449735, -0.06457054153138254, 0.03735491502959907, 0.01663863279534112, -0.06276000984488735, 0.034740950801307964, 0.012542567601152698, -0.06084061089468286]","[0.03696101069450379, 0.050886457347869896, -0.07164059945344925, 0.03671083509922028, 0.05081308403015139, -0.07192729779481888, 0.03646088302135468, 0.05074507513046267, -0.07220640399456024, 0.03617801427841187, 0.050705557250976585, -0.07256546982526779]"
"[4.244203805923462, 4.294203805923462, 4.344203805923462, 4.394203805923462, 4.444203805923462, 4.494203805923462, 4.544203805923462]","[0.009176946203485596, 0.18207414659475837, 0.11094448467883436, 0.006816899722438624, 0.00878532802933548, 0.007798699676090172, 0.1813927604847723, 0.09147112084919543, 0.006225219001311478, 0.006964989306101478, 0.005101519539535519, 0.17264581869043993, 0.07275067440518412, 0.005676871239343899, 0.004681972074691447, 0.00128471800511352, 0.15630106489246418, 0.05478966244939829, 0.005074154910321796, 0.002442012229071681, -0.0032687424045633644, 0.13450322321475877, 0.038427505021880366, 0.004391541810016951, 0.0005878373976684987, -0.008018678787334558, 0.11018004965801528, 0.024558891820492954, 0.0036387151448479, -0.0006731848935261057, -0.012356713459768192, 0.08639901901359615, 0.013633351996658044, 0.002836936460779422, -0.0012480957903893192]","[-0.4295656368706976, 0.06814789947184272, -0.2101268261646351, 0.3883349098066813, 0.27841099429017246, 0.41775213051402815, -0.41997554477270355, 0.07005163312250899, -0.2082590831469827, 0.4040043080417447, 0.2697825759970593, 0.406537838527673, -0.4167299781018018, 0.06958906961625101, -0.20729952997840959, 0.4077903745942102, 0.26792588981933757, 0.4051414448432606, -0.41622458773307175, 0.06879340791714218, -0.20691719207904946, 0.40741450328300927, 0.26834831607548854, 0.4064750631444245, -0.4163221394522724, 0.06845171250265053, -0.2068284519885577, 0.40683180311686495, 0.2687570381004066, 0.40727480616053574, -0.4163221394522724, 0.06845171250265053, -0.2068284519885577, 0.40683180311686495, 0.2687570381004066, 0.40727480616053574]","[0.03576764938331177, 0.05613975826626961, -0.08252511737367901, 0.03540929951472196, 0.04621656861093889, -0.08139059112176607, 0.034013508948610376, 0.036523027696051535, -0.07614337977533167, 0.03168011496820486, 0.027248520107699587, -0.0673616067550656, 0.02873234927296734, 0.018905812268457577, -0.05627114176873296, 0.02554686676308464, 0.011941723071162947, -0.04438196631258917, 0.02246787305440117, 0.006531648379991632, -0.0332060824414454]","[0.03546679675579072, 0.05825326361656191, -0.08303694047927856, 0.035603187084198004, 0.05811659016609194, -0.0827958471417427, 0.03580888271331788, 0.05741099038124087, -0.08235414133369923, 0.0359151577949524, 0.05720305957794192, -0.08207429007589817]"
"[4.493894100189209, 4.543894100189209, 4.593894100189209, 4.643894100189209, 4.693894100189209, 4.743894100189209, 4.793894100189209]","[0.01691574896150161, 0.18764100107954856, 0.11610448168056449, 0.008155137138511593, 0.008231674310401458, 0.01086611941043181, 0.18151831567826981, 0.09514803414874429, 0.007461935153125768, 0.005557507870046056, 0.004829309997446428, 0.1640969407220175, 0.07393337815695052, 0.006481170938356838, 0.0020808160719090955, -0.0003394584074272747, 0.13605933316456448, 0.0532583337934624, 0.005296823992364251, -0.001242987938997077, -0.0042901248909105235, 0.10111460573155695, 0.03520423582434217, 0.0040465645432347045, -0.00380145549039968, -0.006881745466858186, 0.06420472923654838, 0.021327486357945097, 0.0028508443554479956, -0.005279722943855952, -0.008095632813112798, 0.030196960747869116, 0.011789788655530674, 0.0017773217803347045, -0.00561425173347966]","[-0.3494302860394581, 0.07071182428154058, -0.1893826799568582, 0.36269845508840914, 0.22014363135665094, 0.3519892764943485, -0.31642152369962584, 0.06850017088443996, -0.1800043088696111, 0.40512264798097697, 0.19918099921112037, 0.33205417592011094, -0.30380027584704145, 0.065932214371442, -0.17595659192820404, 0.4189332375791024, 0.19278399531792462, 0.3281852278592085, -0.30071220080391303, 0.06435656924943421, -0.17467381134876567, 0.42103692030527845, 0.19214105873403847, 0.32927215058559806, -0.30049086555802557, 0.06385565315208631, -0.17445408349426583, 0.4206767977382823, 0.1924799798020984, 0.33017530232077374, -0.30049086555802557, 0.06385565315208631, -0.17445408349426583, 0.4206767977382823, 0.1924799798020984, 0.33017530232077374]","[0.034053322508766595, 0.05883681273022879, -0.08564584192121119, 0.034377317102796866, 0.04776984862846565, -0.08079303764299524, 0.032172964947210454, 0.036488862300514784, -0.07060206415341966, 0.027548911450615825, 0.025741832764546665, -0.05606186551974845, 0.02131801918862086, 0.016651033104460887, -0.03917487575729679, 0.01450422490544656, 0.009866711109016746, -0.022281042770559683, 0.008061993329409215, 0.005289379312107707, -0.007529233502476914]","[0.03361499965190888, 0.06054214158058169, -0.08622977317273617, 0.033520094156265265, 0.06062529006004336, -0.08645287708342075, 0.03338093221187592, 0.06067958989143374, -0.0866355038523674, 0.03324236631393433, 0.06067595400810244, -0.08687826239466667]"
"[4.7441086769104, 4.7941086769104, 4.8441086769104, 4.894108676910401, 4.944108676910401, 4.9941086769104, 5.0441086769104]","[0.01576942636214777, 0.18648023525204457, 0.11539882564142076, 0.007675307834808284, 0.008453790307407418, 0.011956866533840227, 0.17831413554242595, 0.0947636219659426, 0.006963131183259108, 0.004163142815489707, 0.008227689672301256, 0.15247478219355592, 0.07178541808064232, 0.0059850253386937195, -0.001021043253397022, 0.004787964748473863, 0.1111417094346767, 0.049496510537509135, 0.0048728901059153975, -0.005719090367775967, 0.0016782883251389156, 0.060615010490665505, 0.03213105742384045, 0.003802590847272719, -0.009076334541304326, -0.000946320531325726, 0.008601753883526, 0.02180163025714519, 0.0028847752075345868, -0.010732003489279848, -0.0028862424076723033, -0.037837569456147226, 0.017487711073212363, 0.00212595192186573, -0.010738112068625828]","[-0.21437200193720254, 0.07589693713459433, -0.15517945296414093, 0.32970971427849116, 0.12072688212117169, 0.23951542897108016, -0.17485539306325096, 0.07889769941008941, -0.14598154005423558, 0.38780081910555425, 0.08991083500710847, 0.20364838195522592, -0.1625052377518093, 0.07890215223174393, -0.1429300016276822, 0.40455702321635284, 0.08109509725747768, 0.19452591465426836, -0.16103498099855643, 0.07829156068534904, -0.14237961107731203, 0.4057256442134897, 0.08063782305599128, 0.19475466863235633, -0.16157219355543492, 0.0780016308284397, -0.14240675079423734, 0.40462666354753674, 0.08131662026197022, 0.1957623232005355, -0.16157219355543492, 0.0780016308284397, -0.14240675079423734, 0.40462666354753674, 0.08131662026197022, 0.1957623232005355]","[0.03411617176830429, 0.058495779824028926, -0.0852096095803854, 0.032561806753598654, 0.04727429068763378, -0.07899609636303707, 0.02723853817792969, 0.034938666833869515, -0.06462952292972315, 0.018973592916161505, 0.023500628082594368, -0.043831721961381645, 0.009289208637470153, 0.015042308215037038, -0.019806527939336283, -0.0002765544301412574, 0.01024363793748684, 0.0038585495565759257, -0.008504765525906368, 0.008238528429251636, 0.02407115059980956]","[0.0337144947052002, 0.06021220006942751, -0.0858029331356287, 0.03371635735034943, 0.060200159931182884, -0.08580419042110443, 0.033698550462722784, 0.06023484983444216, -0.08580343604981899, 0.03368707656860352, 0.060229872846603416, -0.0858232732206583]"
"[4.995938062667847, 5.0459380626678465, 5.095938062667846, 5.145938062667847, 5.195938062667847, 5.245938062667847, 5.2959380626678465]","[0.01334605694551447, 0.18705763703990158, 0.11556917232313478, 0.00874535866799456, 0.008841554875930996, 0.006321479072459681, 0.1758701293519262, 0.09605744915180554, 0.00783122435942647, 0.0026581069077220147, 0.0017193393798774516, 0.13996232889646165, 0.07211243942426193, 0.00637768243565773, -0.0044067622600155705, -0.00034539637800455977, 0.08369436019910816, 0.04996796533140902, 0.004780029025089127, -0.010537335225133327, -0.0002632127469719719, 0.016413973822750862, 0.036403139307481486, 0.0034219380232802495, -0.014668120655073422, 0.0014928764194960806, -0.05136269161442347, 0.03352860688761988, 0.0024967819209164577, -0.016493205850503234, 0.0043670631112212085, -0.11083690035409804, 0.03823878532968534, 0.0019702490135563074, -0.01629369757209192]","[-0.038118051662165975, 0.08293753174075856, -0.1110930955119451, 0.2581426507779145, -0.009653358694509187, 0.09243630223211426, 0.013899052404842266, 0.08262437294761983, -0.09768759981702799, 0.3288329953728488, -0.04608550118318115, 0.054408941507435624, 0.02785987394196779, 0.08118792310171148, -0.09378067145039917, 0.3458494505364363, -0.05463953606944469, 0.04718154037705879, 0.027860619814667902, 0.08015940478067925, -0.09343422967256662, 0.3445007427828855, -0.053618653490129925, 0.049368897425362504, 0.026433776042352617, 0.07981675722614642, -0.09364124787872674, 0.3421528311381082, -0.052235044937844276, 0.05113068662516967, 0.026433776042352617, 0.07981675722614642, -0.09364124787872674, 0.3421528311381082, -0.052235044937844276, 0.05113068662516967]","[0.036052673178496, 0.05861597232176443, -0.08483594376787253, 0.03460207310321544, 0.04740250928138384, -0.07565460711608651, 0.026876531661888674, 0.034388525999052795, -0.05581618578638353, 0.014442549859025513, 0.02333116945558363, -0.028115235242172156, -0.00023444289376773104, 0.017324718075419496, 0.002944030535931092, -0.01479044486819967, 0.01666796665688308, 0.032738994278724266, -0.027445591025486812, 0.019252922704094042, 0.057702101988276785]","[0.03565854489803315, 0.06043947257995608, -0.08540363230705261, 0.03519564032554627, 0.06027323522567751, -0.08552517362833023, 0.03468779385089875, 0.06021521010398867, -0.08565848314166069, 0.034266105890274054, 0.06017652668952944, -0.08571582094728947]"
"[5.245127439498901, 5.295127439498901, 5.345127439498901, 5.395127439498902, 5.4451274394989015, 5.495127439498901, 5.545127439498901]","[6.7584135409894e-05, 0.198546110079117, 0.09114913189094331, 0.0057359912551100045, 0.008400265215903492, 0.0020255271071026267, 0.17978765002829716, 0.07526015290444305, 0.005249684380610071, -0.00018152897734142098, 0.004393385460662888, 0.12899047388537008, 0.05304083892888308, 0.004345814423960167, -0.00903406377501518, 0.006502860268702442, 0.054648245369426966, 0.03583551100677223, 0.003517788815989569, -0.016038143424119973, 0.007997830637728288, -0.02985968985998134, 0.032347430901759615, 0.00313642362486043, -0.020162808056588443, 0.008962267537814655, -0.11141567134376001, 0.0428634700920762, 0.0032503271750707386, -0.021474474967302197, 0.009641847050211308, -0.18069631200619818, 0.06114894797878611, 0.0036495275607604147, -0.020720912079063913]","[0.15446178769963725, 0.09411111607445682, -0.06420950559998863, 0.13738924970333025, -0.15567034378791778, -0.0757174567011791, 0.19928869081656053, 0.09869371685089554, -0.05425674849310953, 0.20475955720523914, -0.19187576575330428, -0.11890142931303835, 0.2052900335576427, 0.09932892122324087, -0.052973448189645715, 0.21376138718744303, -0.19678884300719313, -0.12471148616637404, 0.20045439114463087, 0.09887364524003699, -0.0539364405515353, 0.20670272718436764, -0.19282922948033807, -0.12023076660517933, 0.19749862107123758, 0.09858915820307636, -0.05450005066460894, 0.20240651835706927, -0.1903806603241562, -0.11749087832379689, 0.19749862107123758, 0.09858915820307636, -0.05450005066460894, 0.20240651835706927, -0.1903806603241562, -0.11749087832379689]","[0.042119486861131664, 0.046329716316923744, -0.08833111711842173, 0.0348179250114861, 0.03658801492703707, -0.07601406982327502, 0.02102545043246309, 0.024731511100642235, -0.04976522619922083, 0.00354220115518681, 0.016897463342963333, -0.014171667480323174, -0.014460709452172106, 0.016581773884169867, 0.02451064856141586, -0.03056628124487145, 0.02279771673656138, 0.060636265150476015, -0.0434727641543553, 0.03192127847110637, 0.090502185070478]","[0.04165207505226136, 0.04531702914237978, -0.08849636645019054, 0.042001581788063055, 0.04741308608055117, -0.08863866322636604, 0.044755986928939825, 0.0467789224624634, -0.08980016590058804, 0.042480102777481085, 0.05096465864181521, -0.08772435405254364]"
"[5.494825839996338, 5.544825839996338, 5.5948258399963375, 5.644825839996338, 5.694825839996338, 5.744825839996338, 5.794825839996338]","[-0.018425262454720644, 0.09296721829605029, 0.024496564883992593, 0.004698494405238054, -0.0010655293759692266, -0.02293648664212751, 0.05874779007504176, 0.02143773231059813, 0.0035317342250454228, -0.006888579593895062, -0.02104144084259694, 0.008775336660986639, 0.020114264258521714, 0.0019643670124458615, -0.01188865833737161, -0.013319028385600368, -0.04863035862367379, 0.024189062163126246, 0.0006652477835394079, -0.01498422077624692, -0.0018375479355302732, -0.10434424611386141, 0.03390779009286114, -6.177407313891224e-05, -0.016060753708835654, 0.011015761104509757, -0.1515705638637782, 0.04636429424518707, -0.00024035168716084543, -0.01557838645820896, 0.023198323308066537, -0.18676611136004234, 0.05776948806772103, -5.7040418936447764e-05, -0.014120559704564438]","[0.31580567187544845, 0.07896216688785507, -0.01820200144307979, -0.07302667234783408, -0.25484321814558936, -0.16311698627293306, 0.35842821429098515, 0.06756651032325996, -0.0037821676877451, -0.03015802478135579, -0.27385999900149843, -0.1702832659373026, 0.36756821589426225, 0.062479484605823775, 0.0002158987349480271, -0.024408704744535617, -0.27529725109371855, -0.1662157134470055, 0.3660075150639469, 0.06086533747113257, 0.000444009075715093, -0.02855388560751736, -0.2725224533815167, -0.16168285732577986, 0.3643954660443897, 0.06059531782296729, 0.00018470958518452185, -0.031035656722389702, -0.27106503119295927, -0.1599512888058243, 0.3643954660443897, 0.06059531782296729, 0.00018470958518452196, -0.031035656722389702, -0.27106503119295927, -0.1599512888058243]","[0.027361879336130462, 0.011571073222698883, -0.03426939757477706, 0.02030952988445839, 0.00939679768645257, -0.015581316048733968, 0.007571708870936052, 0.008873853947638132, 0.008088668561970916, -0.008327879251666302, 0.01152356916127526, 0.03285311273415016, -0.024587574986734497, 0.016894309204450498, 0.05521159012738425, -0.039058254084263305, 0.02320981049953302, 0.07294661638117998, -0.050465907153659804, 0.028581950235556073, 0.08516360848416821]","[0.027210242152214056, 0.012338017606735252, -0.03306853392124176, 0.028022891879081732, 0.012456988477706932, -0.03809858479499817, 0.028216726183891302, 0.012843584203720115, -0.04042277106046677, 0.028426176905632025, 0.013301198863983177, -0.04065908857584]"
"[5.7343268394470215, 5.784326839447021, 5.834326839447021, 5.884326839447022, 5.934326839447022, 5.9843268394470215, 6.034326839447021]","[-0.017381000433301277, -0.011958373176861884, 0.04377937902068074, 0.0004498933647567973, -0.0022368593979060518, -0.004123166256360499, -0.027075895122945448, 0.04033152127147149, -0.0002598192114619525, -0.005916168287623812, 0.009378657431282121, -0.05448860753074543, 0.03968288551425074, -0.0003497978426617146, -0.009694474728692072, 0.02094012836328294, -0.09081364000071371, 0.0431299860270443, 0.0001524634758894645, -0.012574208039448774, 0.029037843291422248, -0.130556524903608, 0.05063128720071843, 0.0010755424868476237, -0.014244200921479135, 0.03313457441830697, -0.16868597972248817, 0.06074147431749016, 0.0021798342516719505, -0.014832433345566, 0.03353547455499365, -0.20175555432779066, 0.07140684240421405, 0.003242735387358785, -0.01463001488245782]","[0.4416763888760949, 0.07814778722995107, 0.011693852480062812, -0.1560137391348883, -0.34492731780782426, -0.25334432312351546, 0.46864397175662675, 0.08869675503688933, 0.013978787791202376, -0.10653261743375754, -0.37530075496936877, -0.29523645621117034, 0.4734841995753548, 0.09437104963879216, 0.012968856085383618, -0.09285144220324333, -0.3846357003398987, -0.3107296072317491, 0.47187096223418457, 0.09660379082632813, 0.011784682779852458, -0.09214518288591785, -0.3857373110290565, -0.3142765923936258, 0.47066465593487183, 0.09709774198341313, 0.01134358573458829, -0.09310678128389581, -0.3853510350454756, -0.3144502760221238, 0.47066465593487183, 0.09709774198341313, 0.01134358573458829, -0.09310678128389581, -0.3853510350454756, -0.3144502760221238]","[0.004280069725294651, 0.019811494132477094, 0.010414228047617284, -0.0059102190456785655, 0.018635176387118802, 0.016216718253349315, -0.018208205231359163, 0.018989456432274385, 0.02761303787101427, -0.030730728385178402, 0.021357654908813136, 0.042987691789457584, -0.04178367944462356, 0.025496809427615133, 0.0600230529062095, -0.05035892602724193, 0.030564303331730366, 0.07662995828189367, -0.05614981050958482, 0.035553416973745096, 0.09132457238037313]","[0.0040550222992897095, 0.021192198181152366, 0.01036458841562271, 0.005705772936344153, 0.021331762456893943, 0.010084521090984344, 0.0073595261573791565, 0.021229093456268333, 0.009812992131710052, 0.008720680177211768, 0.020963495159149192, 0.009676512396335601]"
"[5.994402885437012, 6.0444028854370115, 6.094402885437011, 6.144402885437012, 6.194402885437012, 6.244402885437012, 6.2944028854370115]","[0.0558598029343331, -0.04550153203213056, 0.061528832629745414, 0.003567040562927601, -0.005862948516506739, 0.048143241200403794, -0.06814663457528826, 0.05777977909808084, 0.0043852445220805385, -0.00834701292781705, 0.03904462854944225, -0.09741717104561165, 0.05814677657354562, 0.0045213316355389235, -0.010753642843786541, 0.031698516823078816, -0.13030758543916063, 0.06246535690500269, 0.004235598440780729, -0.012443882694944198, 0.027578521583676425, -0.16282498034149864, 0.06949325778452804, 0.0037595851791808093, -0.01328545947751662, 0.0269235617088246, -0.19174683203891862, 0.07743599682725955, 0.00324526507392631, -0.013422229081700317, 0.02922548010233833, -0.21516525768869804, 0.08464036519931789, 0.0027662392165958547, -0.013063746209939277]","[0.5380029033664662, 0.07670016479379568, 0.0397794050252029, -0.2552024482677335, -0.34588271830914796, -0.3370367569156054, 0.582317016420253, 0.06093711397235069, 0.0557618149844313, -0.21628742741229773, -0.36202684908800864, -0.3357631911335994, 0.6003898905553128, 0.05038843412931692, 0.06378280489627614, -0.20568088462930892, -0.36441882894600885, -0.3265564643440983, 0.6056161349597623, 0.04527511718773702, 0.06685138830376265, -0.2052451800419046, -0.36301096374096103, -0.31955393732389414, 0.6063602577833649, 0.0438568661787428, 0.06753575767412429, -0.20606315901534442, -0.36210889492835047, -0.3171085884945707, 0.6063602577833649, 0.0438568661787428, 0.06753575767412429, -0.20606315901534442, -0.36210889492835047, -0.3171085884945707]","[-0.03337261092127194, 0.03045001598933253, 0.013934685470252802, -0.03457961507270182, 0.028531716392679846, 0.026966834401176032, -0.036831422127182066, 0.02871015064753897, 0.04292789175544325, -0.040559517530802516, 0.03083913700698447, 0.05960786847716573, -0.045469215446769004, 0.03422682031492895, 0.0749733988935564, -0.05101067581209788, 0.03796640396579935, 0.08769328457696848, -0.05662376441149294, 0.041270237160877125, 0.0971591749735704]","[-0.03367684125900268, 0.03251168646812441, 0.01373145363330841, -0.033606925010681146, 0.03217459239959719, 0.011834647572040558, -0.03320878833532333, 0.03185546913146975, 0.009961526906490326, -0.032822580039501184, 0.03160355010032656, 0.007911708271503448]"
"[6.245995759963989, 6.295995759963989, 6.345995759963989, 6.39599575996399, 6.445995759963989, 6.495995759963989, 6.545995759963989]","[-0.010891029268183482, -0.09263243813650163, 0.07745016684638463, 0.003855094835527524, -0.0031978702630745116, -0.005398525570904966, -0.09721571300911462, 0.06979058125756994, 0.002066382361539509, -0.005678858120569274, 0.005929814468003289, -0.11120125596414802, 0.06598779742864642, 0.00038349993167136943, -0.00865715830320917, 0.021764985114759605, -0.13325289115159672, 0.06638415171805695, -0.0007540011356015892, -0.011224122856174523, 0.03952926716733473, -0.15987373109787895, 0.07079843191599922, -0.001202680010511718, -0.01302846723233542, 0.05670445401285357, -0.18752092688207816, 0.07820588742817741, -0.0010355491396494825, -0.014080537912539548, 0.07144281772859677, -0.21355877002345233, 0.08707338463470797, -0.00043123741154567515, -0.014536151208018504]","[0.5626161812227516, 0.023304223818286108, 0.09923370451644575, -0.23484747751319734, -0.3545114935232577, -0.3506784903877015, 0.6118062891358048, 0.010769297835586295, 0.11489223565960976, -0.1855198252542588, -0.37767211888125307, -0.3597207322559255, 0.6269500527844668, 0.006348903981366512, 0.11987420795232076, -0.17108836455331994, -0.384266117464052, -0.36131513809132265, 0.6287560469356295, 0.0053976861099552485, 0.12061188372121685, -0.16991728783427865, -0.3846297211737933, -0.3606117691587834, 0.6281496474592084, 0.005356280541935836, 0.12049780968166687, -0.17076732147109286, -0.3841385420405949, -0.3600910208832705, 0.6281496474592084, 0.005356280541935836, 0.12049780968166687, -0.17076732147109286, -0.3841385420405949, -0.3600910208832705]","[-0.012242051813921599, 0.03545882124197069, 0.04635642315610696, -0.01728486839440651, 0.03218626978964844, 0.04795744970039599, -0.026753346094710605, 0.031078042155375102, 0.05288892535307069, -0.03927329817064173, 0.0322024661761451, 0.06045261126303653, -0.05287347471630263, 0.035280292779595754, 0.06947948160812416, -0.06583644740993588, 0.03963825771705171, 0.07889928856339538, -0.07700818593742963, 0.04443812681646259, 0.08794295124878881]","[-0.012743071615695947, 0.03748763122558596, 0.04592156789302826, -0.012250491380691522, 0.03743470230102541, 0.046202022647857666, -0.011831150352954858, 0.03744251050949099, 0.046365920519828796, -0.011701547503471368, 0.03736997165679934, 0.04639286181926727]"
"[6.499198913574219, 6.549198913574219, 6.599198913574218, 6.649198913574219, 6.699198913574219, 6.749198913574219, 6.799198913574219]","[0.0059481726444851335, -0.09336636270220318, 0.07819147311137438, 0.0043825948406620435, -0.0031567504635854364, 0.007550968972539742, -0.0974426184199881, 0.07033455474109655, 0.0024025731929971177, -0.005573899484913234, 0.01671624132924624, -0.11034333751175293, 0.0663940295164284, 0.0002806747836220708, -0.0083430322772838, 0.03255216348783762, -0.13032643725624182, 0.06639425360676143, -0.0013855977793875219, -0.010655959427692492, 0.05230276082333526, -0.15396424764363095, 0.07011227444676855, -0.002338008922339077, -0.01222981704445906, 0.07294326604998957, -0.17802409479197934, 0.07662623969910953, -0.002582401224643152, -0.01310601234770559, 0.09200725951066488, -0.20022445928972957, 0.08451044549454309, -0.002268818005377405, -0.013440536766411248]","[0.5680761186751073, -0.03733074352721186, 0.16288411606138764, -0.24858407626699136, -0.3414149420192829, -0.35439324978790876, 0.6199457062031507, -0.059627918512956346, 0.18284442975804446, -0.2080583883869973, -0.356498027223788, -0.34479601057959963, 0.6359950583715752, -0.06879699268020831, 0.18980901199428896, -0.19845201233363138, -0.35888555486522683, -0.3370366503337284, 0.637904519988327, -0.07147891710658703, 0.19120878638031705, -0.19934721712313266, -0.35755652270931954, -0.33276113475239794, 0.6372446948488468, -0.0718830636975253, 0.191214814252304, -0.20073072411081927, -0.3566565443866912, -0.33143844307011744, 0.6372446948488468, -0.0718830636975253, 0.191214814252304, -0.20073072411081927, -0.3566565443866912, -0.33143844307011744]","[-0.01939068553554567, 0.0363203569283726, 0.043530273701892164, -0.022734951804783333, 0.03284446163674241, 0.04557028189377461, -0.031244532904008974, 0.031578647104174434, 0.05017890936733835, -0.043595967300789046, 0.032480991373474835, 0.056504046532200126, -0.057709935215507824, 0.035266429166374014, 0.06352018569382871, -0.07168102245788806, 0.03929894389179865, 0.07043253772218404, -0.08413825284745328, 0.043763497995578264, 0.07675789990934932]","[-0.01984680533409118, 0.03845453777313235, 0.04312414309978485, -0.019868352413177484, 0.038358872318267845, 0.04316330335140228, -0.019911342263221735, 0.03833175220489504, 0.04318002245426178, -0.02007566481828689, 0.03818950572013857, 0.043137554144859314]"
"[6.747715711593628, 6.797715711593628, 6.847715711593628, 6.897715711593628, 6.947715711593628, 6.997715711593628, 7.047715711593628]","[0.007827054092819169, -0.09602271423240127, 0.08036677037015201, 0.0037940412630202546, -0.00340968125519175, 0.013282391520300895, -0.09902900960219616, 0.07187405311491982, 0.0011545051395334463, -0.0052829181429440925, 0.027724037136492987, -0.10807690710092385, 0.0669158087116263, -0.0014058745541954722, -0.007321738728507918, 0.04914033051172271, -0.12168324797822164, 0.06555092484122257, -0.0032930334396997986, -0.008943205131440778, 0.0739594827103247, -0.1373295057416726, 0.06752369805899437, -0.004295796874157502, -0.009978047486310941, 0.09864480539562194, -0.15280284537385613, 0.07189966218191969, -0.004473542854441781, -0.010490092963494112, 0.1204466814816096, -0.1666413262009319, 0.07729831341390488, -0.004016375658409771, -0.010606686791959901]","[0.5523261868584312, -0.11614133613986771, 0.23053856697561753, -0.27426714021220333, -0.32623941127931516, -0.3109901194408057, 0.5942201529349378, -0.1382418096400865, 0.24810782592174643, -0.24681340507970498, -0.33429160549845544, -0.2945873858749348, 0.6050659364723457, -0.1460964680185604, 0.25338197803275286, -0.2424768140379574, -0.33424501296377096, -0.28583522138280937, 0.6049508145515019, -0.14778921504110532, 0.25395599836784233, -0.2448065995945933, -0.3324507467923712, -0.2821817585551651, 0.6038416554678896, -0.14785391988964636, 0.2537396650217302, -0.24635183174206485, -0.3315664543315142, -0.2812499453602873, 0.6038416554678896, -0.14785391988964636, 0.2537396650217302, -0.24635183174206485, -0.3315664543315142, -0.2812499453602873]","[-0.021144358965490374, 0.03740624538207285, 0.0442943801856035, -0.026165567054325992, 0.033687976736381006, 0.04455085465926574, -0.03625284431338216, 0.03206124089587939, 0.045850965425388614, -0.04972470457923046, 0.0324472374181053, 0.04780452297985744, -0.06438519600934155, 0.03450586328723707, 0.04998736598709917, -0.07833631821780133, 0.03757785308250745, 0.052138643473498426, -0.09025005536247094, 0.04086358161797116, 0.05415485076179972]","[-0.02159592598676681, 0.039398913764953636, 0.043883416867256164, -0.021402099132537836, 0.03939578452110293, 0.04395972571372986, -0.021193229556083673, 0.039426331901550316, 0.0440703072309494, -0.02095299303531646, 0.03947154202461245, 0.04420219740867615]"
"[6.996664524078369, 7.046664524078369, 7.096664524078369, 7.1466645240783695, 7.196664524078369, 7.246664524078369, 7.296664524078369]","[0.01346883168608216, -0.09565914842386074, 0.07980885593890437, 0.0032487519413388058, -0.0034623821194149002, 0.0216263054949677, -0.09696694352391842, 0.07132246369615404, -7.236157439093337e-05, -0.00466661617833507, 0.040543576448318915, -0.1010428017775195, 0.06585799490726625, -0.0030940782175531887, -0.005805158632436516, 0.06704629293424641, -0.10669757031384525, 0.06366708908579294, -0.005227432300234977, -0.0065896443698149594, 0.09676217882623579, -0.1125672782305747, 0.06464697148329553, -0.006302163104567703, -0.0070003775559717586, 0.12566514862035225, -0.11776851749138907, 0.06795700408681703, -0.006423646925871737, -0.007137980031733179, 0.15072212057762427, -0.12195347464316526, 0.07225511740776185, -0.005817228778910961, -0.007103657218836618]","[0.5282561723003025, -0.19604837353542828, 0.28956033574175577, -0.2939015016484959, -0.3060721805655041, -0.2368976736824413, 0.5561017337184673, -0.21710049490196642, 0.3035065724275159, -0.2838399757941853, -0.304987894484157, -0.2125544936493466, 0.5600904503542001, -0.22306631013391945, 0.3065118374267932, -0.2862278454457088, -0.30188068823820474, -0.202835578280359, 0.5574516407689943, -0.22347685940250608, 0.306046971536028, -0.29027233327991614, -0.29954986328256256, -0.20006756325754532, 0.5558100464958268, -0.22311525009870709, 0.3055612927448323, -0.29197474511747806, -0.29870639945275607, -0.19965185064748883, 0.5558100464958268, -0.22311525009870709, 0.3055612927448323, -0.29197474511747806, -0.29870639945275607, -0.19965185064748883]","[-0.023861929464193635, 0.03730693101306609, 0.042855640435952295, -0.029916320415845295, 0.033627972622236525, 0.04121703639405604, -0.04098347310835749, 0.031881880995970696, 0.0387854152187781, -0.05503515167712173, 0.03204797643406176, 0.03570040259773678, -0.06982104788196257, 0.033820564284134776, 0.03226934686033828, -0.08351949330966452, 0.03655649574333383, 0.02890867310263678, -0.09489804578450507, 0.03945333422498995, 0.02602669582715179]","[-0.024312094748020166, 0.03933010020256045, 0.04242492101192474, -0.023993403613567346, 0.0392805687427521, 0.04263455054759979, -0.02364358395338058, 0.03927898921966555, 0.0427774228811264, -0.02326693475246429, 0.039335673236846946, 0.042972002243995666]"
"[7.245457887649536, 7.295457887649536, 7.345457887649536, 7.3954578876495365, 7.445457887649536, 7.495457887649536, 7.545457887649536]","[0.03318268188386826, -0.09450632883227367, 0.07925345517744768, 0.0015480291228955401, -0.0035105416569533284, 0.04579285312052751, -0.09311846441500303, 0.07108796933885832, -0.0018097503224830836, -0.0038353762947204053, 0.06797084072098135, -0.0908500278470188, 0.06582537212528171, -0.004563701962588828, -0.003855891066969496, 0.09583510865409525, -0.08703304439372542, 0.0636096035544634, -0.006304620659326158, -0.003650099455304283, 0.12508860160801943, -0.08175663221276681, 0.06418368921209276, -0.006988389120800086, -0.00336779507028313, 0.15213858304936465, -0.07569695471452989, 0.06666593294006914, -0.006784594575818953, -0.0031379730424841157, 0.17445255677558827, -0.06974736566552373, 0.06979233165112611, -0.005935320987180497, -0.003019328505604684]","[0.48654518009637077, -0.264018144861457, 0.32320378389413457, -0.3057433193674899, -0.28499995896184177, -0.14268492339595895, 0.4930232464485793, -0.2787549492659939, 0.32991717227329, -0.31610520191097796, -0.27482537312995087, -0.11621647723775139, 0.488303391587595, -0.28118583780428574, 0.3296535753711528, -0.32555505660060063, -0.2689676575653597, -0.10767436917724973, 0.4832261878521877, -0.28013467816196497, 0.32811678564141034, -0.33095749236499067, -0.26633526561307547, -0.1062378065016245, 0.48127441521217335, -0.2794243463602237, 0.3274400719107724, -0.3326203584918618, -0.26561594906560687, -0.10633587213709017, 0.48127441521217335, -0.2794243463602237, 0.3274400719107724, -0.3326203584918618, -0.26561594906560687, -0.10633587213709017]","[-0.03322449278352801, 0.037674601787364134, 0.03789671898238517, -0.04044184925768999, 0.03432624849548954, 0.03369498936099992, -0.05121581166157382, 0.03281774138342454, 0.027315191384191306, -0.06353511101498094, 0.03303965007028551, 0.019411619440261034, -0.07558144043093516, 0.03461614553489153, 0.010958896521649462, -0.08605601100636355, 0.03690749406349904, 0.002957012340479699, -0.09416873551831419, 0.03917030362031191, -0.0037750789974790094]","[-0.033762224912643427, 0.039623146438598655, 0.03744395456314087, -0.032730639874935144, 0.03964406766891482, 0.03806287429332733, -0.03252055585384368, 0.03955853500366213, 0.03817336640357971, -0.03134503304958343, 0.03955743231773379, 0.03891748569011688]"
"[7.495703220367432, 7.5457032203674315, 7.595703220367431, 7.645703220367432, 7.695703220367432, 7.745703220367432, 7.7957032203674315]","[0.04654580190273042, -0.09533192013486443, 0.08048818168525977, 0.0032283529562607714, -0.0034481145089823753, 0.051637590820524805, -0.09219555694152744, 0.07232816971327909, -0.0005783662695591694, -0.0028732693831386635, 0.06963084230667975, -0.08406255901169842, 0.06645601588573428, -0.004214194519562244, -0.0017491175039763957, 0.09738444149293929, -0.07051954147395162, 0.06355673377034537, -0.006963284296981949, -0.0005254055504716979, 0.13045776441127427, -0.053126545204706326, 0.06459747112954402, -0.008550062371925285, 0.00046471963456324634, 0.16466576091600038, -0.03434097315064243, 0.06963698951378795, -0.009024407394713099, 0.0010471038947118632, 0.19676181739992568, -0.01658765987889969, 0.0776153776455943, -0.008613299886240969, 0.001202709333989656]","[0.4819427956359382, -0.29424131153183347, 0.3330131310409218, -0.3476585717895689, -0.24979872203771036, -0.07212132826497683, 0.4887978618918397, -0.3251741880368927, 0.34556468238208543, -0.37849769833698843, -0.2235479505842537, -0.011530007688894117, 0.4855366087378177, -0.3345491474984613, 0.3480558572548262, -0.39503853136559136, -0.21177168890915565, 0.010712829162448903, 0.48140582375032426, -0.3355760952417644, 0.347444330404686, -0.4018960185801563, -0.20774968210346548, 0.015881610059191618, 0.479740699943548, -0.33516972694574904, 0.34693363986661874, -0.40357675552752315, -0.20693728835298034, 0.016222381887253088, 0.479740699943548, -0.33516972694574904, 0.34693363986661874, -0.40357675552752315, -0.20693728835298034, 0.016222381887253088]","[-0.03821057182179657, 0.03862301465835557, 0.036184645523227296, -0.04179802776093007, 0.03494191831058145, 0.03202701398806572, -0.04978521704535589, 0.03296721655685126, 0.022948830322192318, -0.06047743427882656, 0.03303565467290097, 0.009906720235231592, -0.07221452545591364, 0.0353741016791602, -0.005258334765921234, -0.08373577197379231, 0.03968628878048601, -0.020586448790322155, -0.09420574804285543, 0.045191810316138704, -0.03447440439637751]","[-0.038698033392429346, 0.04062486209869387, 0.035732049560546875, -0.03874944984912872, 0.04066253223419192, 0.035813693022727966, -0.038816907405853265, 0.040665780687332176, 0.03588767728805542, -0.038893178999423975, 0.04070559659004214, 0.0359436758518219]"
"[7.7487828731536865, 7.798782873153686, 7.848782873153686, 7.898782873153687, 7.948782873153687, 7.9987828731536865, 8.048782873153687]","[0.04794654308427217, -0.09503249654737854, 0.08038998031496386, 0.0031136572055226507, -0.0036946285116112427, 0.05370471464959465, -0.0908873988195215, 0.07233776169016111, -0.0008632894517891983, -0.0021899898223442433, 0.07285569792613894, -0.07737140677497739, 0.06619255629405013, -0.004769688177906954, 0.0001602930983841188, 0.1024362159618723, -0.054413893382432355, 0.06338003496007522, -0.007768899206483104, 0.002496292186562721, 0.1380809720916158, -0.025160414016368208, 0.06587855381198543, -0.009509366704746839, 0.00427994789728919, 0.17568649525236849, 0.0061009414322981395, 0.07429242024153807, -0.010034466374061442, 0.005298156803466707, 0.21216571845887464, 0.03550435478153467, 0.08746613904712085, -0.009624203700712501, 0.005599332117509943]","[0.4633066316508866, -0.3117042818848988, 0.33485952738977653, -0.3952570076079064, -0.21869584500441447, -0.021446513788476895, 0.46249352394777493, -0.3513048750166051, 0.34860699298721026, -0.44770516061577964, -0.17821700628252085, 0.06319652901810603, 0.45712052097008354, -0.3640850319667507, 0.35174097516682995, -0.47156904184461057, -0.16152933942751954, 0.09425041175568334, 0.4528696330019358, -0.3660033618179653, 0.35138895056504493, -0.4797733948502716, -0.15654151663994015, 0.10141371710395636, 0.4513478073697761, -0.36568956032457905, 0.35093941417188185, -0.4813876025666977, -0.15574329477741466, 0.10184902848421297, 0.4513478073697761, -0.36568956032457905, 0.35093941417188185, -0.4813876025666977, -0.15574329477741466, 0.10184902848421297]","[-0.03890923822125162, 0.0386593555896405, 0.03588043661551851, -0.04239579256571425, 0.034957397729077265, 0.030555883461695754, -0.04963118947006965, 0.03290244825459705, 0.018108658144249567, -0.059138658647996716, 0.03330237489797109, -9.577413970358519e-05, -0.06963319865590743, 0.03684481974435013, -0.02139238366069497, -0.08025130010112771, 0.04340170238882149, -0.04302306631409318, -0.09049322215032685, 0.05208238433788505, -0.06285254177013105]","[-0.03939977377653121, 0.04066801586151125, 0.035442445492744445, -0.03938088655471801, 0.040663456106185936, 0.035428691720962524, -0.03936144053936004, 0.04065487303733828, 0.03541352233886719, -0.03935159087181091, 0.04065064110755923, 0.03541389486789703]"
"[7.998168468475342, 8.048168468475343, 8.098168468475341, 8.148168468475342, 8.198168468475341, 8.248168468475342, 8.298168468475343]","[0.04809946842142969, -0.09527476391385266, 0.08052082704781578, 0.003074558182573048, -0.003657028341264037, 0.05416715186949065, -0.08930160537237183, 0.07226621270093661, -0.0010163539136433752, -0.0013924818886030476, 0.07386082974978594, -0.07062497441522905, 0.0657157522537756, -0.005082622016677171, 0.0019361309160314231, 0.1043282342388901, -0.039533987656797887, 0.0631475062536973, -0.008207420668442992, 0.005131604394589758, 0.14133171394576777, -0.0005162576281844823, 0.06744685403908361, -0.009988299917601487, 0.007497299990866943, 0.18094055855245975, 0.04069373225567111, 0.07956279630590293, -0.010481372835134917, 0.008816733811466892, 0.22034299746198646, 0.0792524772482209, 0.0981688399956254, -0.010034495107473257, 0.00923439154255154]","[0.4444869682509264, -0.32294166309687233, 0.3343336075546388, -0.435173710792351, -0.1938344793536166, 0.016210092463541187, 0.4357281126110763, -0.36778130279552845, 0.3479406764105229, -0.5052271198165158, -0.14242991983204703, 0.11786214450206638, 0.4279722025327224, -0.3823900652326869, 0.35108511603707526, -0.5347487633193253, -0.12223411792701877, 0.1545862332512294, 0.4234388084735156, -0.38465723207377556, 0.3507666230542404, -0.5438113126287083, -0.11670768190419936, 0.16271017370635668, 0.422008772174941, -0.384329600824718, 0.35033124285997075, -0.5452876423904013, -0.11599179664909044, 0.1630509819685464, 0.422008772174941, -0.384329600824718, 0.35033124285997075, -0.5452876423904013, -0.11599179664909044, 0.1630509819685464]","[-0.03903278856691508, 0.03872016371791071, 0.03592233577925091, -0.04212932700970803, 0.034867033084426374, 0.029258937359851515, -0.04840248471822053, 0.03269019963683744, 0.013842737280431245, -0.0565705534404095, 0.03350249712455624, -0.008588649479559658, -0.06570122571751022, 0.038380744584771885, -0.034702495263142376, -0.07529021028681482, 0.047270900714681895, -0.06115711784169112, -0.08512981054977943, 0.0591770866416661, -0.08552660596304967]","[-0.039521546065807336, 0.04074359455108645, 0.035476837372779846, -0.03950627982616424, 0.040726040983200096, 0.0355009325504303, -0.03946704506874084, 0.040717636728286766, 0.03551516315937042, -0.039463714659214014, 0.04071572937965395, 0.035531196808815]"
"[8.246058702468872, 8.296058702468873, 8.346058702468872, 8.396058702468872, 8.446058702468871, 8.496058702468872, 8.546058702468873]","[0.049034528649388245, -0.0953295224732095, 0.08058934490376124, 0.003092738219364207, -0.0036961818486927664, 0.05480701295646946, -0.0882394075894735, 0.07213228106712273, -0.0009651452425641215, -0.0008205874061713435, 0.07386781624961007, -0.06579771141071684, 0.06512867526259218, -0.005011429914823349, 0.0032905212163925517, 0.1034862521326337, -0.028610347396543487, 0.06256191126048145, -0.008105471778626793, 0.007166380172556842, 0.13966840349227766, 0.0177449207227886, 0.06798891098212095, -0.009819520505816973, 0.009983868256921932, 0.17875601917557163, 0.066392363586138, 0.0825278757060829, -0.010219472610978646, 0.011533877618140304, 0.2182300061269725, 0.11177210432673197, 0.10465343910821863, -0.009698218476629368, 0.01205286112802602]","[0.4246467942645622, -0.3269194178180195, 0.3309454625758228, -0.46710617153716283, -0.17559692777012414, 0.03921945346051056, 0.4075410593373707, -0.37348670063267847, 0.3430773544359147, -0.5507502855580758, -0.11651713915608168, 0.15071715144458486, 0.39735648014204233, -0.3886060111420431, 0.3457680006840491, -0.5842703097442716, -0.09410042081889441, 0.1903420684188, 0.39260534760188687, -0.3909041450920121, 0.34539266086563003, -0.5936856407731271, -0.08839796326502383, 0.1987023975042445, 0.39130464036785534, -0.39053804099123124, 0.34497291436679933, -0.5949402572708686, -0.08781539740834261, 0.19886824591532065, 0.39130464036785534, -0.39053804099123124, 0.34497291436679933, -0.5949402572708686, -0.08781539740834261, 0.19886824591532065]","[-0.0394527322635499, 0.038785355068657934, 0.035791793583957614, -0.04199241206460512, 0.034766619827009466, 0.028354934050130006, -0.04701218579576403, 0.0323843996644967, 0.010981300208611296, -0.05343159824357847, 0.03336578183505459, -0.014299016782241923, -0.060674468583372325, 0.039065248849598756, -0.04364759924101177, -0.06857307640584429, 0.04943240434814768, -0.07329718993756257, -0.07715950158166242, 0.06336569811163639, -0.10063759485296925]","[-0.039946981668472284, 0.04079270877838137, 0.035351548409461975, -0.039926581978797906, 0.04078317203521731, 0.035340044713020324, -0.0399193251132965, 0.04079154648780825, 0.035339314556121826, -0.039908708035945886, 0.04078510918617251, 0.035341832852363586]"
"[8.495147466659546, 8.545147466659547, 8.595147466659546, 8.645147466659546, 8.695147466659545, 8.745147466659546, 8.795147466659547]","[0.04998068675366948, -0.09541830846280508, 0.08067135222688766, 0.003042247328659573, -0.0036977313870180527, 0.05538308000766092, -0.0874385564634652, 0.07189150866949758, -0.0008153959566046067, -0.0003918118632357617, 0.07297509180772746, -0.06244424081649643, 0.06443330218336765, -0.004611221758189034, 0.004235199729571347, 0.10017408026082192, -0.021361123626284118, 0.06160262857205451, -0.007486729227330234, 0.00853361747298548, 0.133457466245467, 0.029524464644431633, 0.06725344948464589, -0.009040391446966181, 0.011626577083383369, 0.16962373307453293, 0.08267761369663407, 0.08245956992343184, -0.009325386215804036, 0.013318500871011048, 0.2063937275542667, 0.1321009797502011, 0.10534597037981076, -0.00870890574883741, 0.01388547023266075]","[0.4029414226120643, -0.3221725116894923, 0.32459276845118945, -0.4894949456891755, -0.16435781456382478, 0.044609254464418185, 0.3765852638713531, -0.365619800900303, 0.3336859500629292, -0.5811888555047593, -0.10154726755458618, 0.15603597261557947, 0.36374733016123456, -0.37908031598549186, 0.33528392320335526, -0.615968920343046, -0.0787914384855908, 0.19398731621185208, 0.35881605490220636, -0.3807258755276545, 0.3346757207220161, -0.6247316011353914, -0.07358512291847731, 0.20106735877168072, 0.3576916587542857, -0.3802121398219014, 0.3342466327454117, -0.6255576232566383, -0.07327815059906945, 0.20079155405640026, 0.3576916587542857, -0.3802121398219014, 0.3342466327454117, -0.6255576232566383, -0.07327815059906945, 0.20079155405640026]","[-0.039911702827653016, 0.038853862785662746, 0.03562844238670398, -0.04186495593658158, 0.034622767270508586, 0.027692316850992882, -0.0454474602708983, 0.03198088788222636, 0.009284733375980002, -0.0498170071289757, 0.03284385893177275, -0.01737446119020163, -0.05477819519288683, 0.038683529977156926, -0.048213058723163664, -0.0604717539879972, 0.049387731780862275, -0.07927876223726207, -0.06707531882938951, 0.06365983999155497, -0.10783878857450453]","[-0.040404186546802515, 0.04085967459678652, 0.03518444678783417, -0.04038971751928329, 0.04087362208366396, 0.03518663725852966, -0.0403499649465084, 0.040844356203079246, 0.03519846878051758, -0.04034989416599273, 0.040846054935455345, 0.035202134466171264]"
"[8.747562408447266, 8.797562408447266, 8.847562408447265, 8.897562408447266, 8.947562408447265, 8.997562408447266, 9.047562408447266]","[0.05064114784727923, -0.09523379267893935, 0.08065252006692, 0.00301850646448721, -0.0036868745114230946, 0.05530397746957408, -0.08698281537357741, 0.07149816660699673, -0.0004956131387565423, -0.00022228428946744166, 0.07046730770435251, -0.061297892036232135, 0.06338705159487736, -0.003850019058513775, 0.004580618930963188, 0.09359307827670148, -0.019287129015917684, 0.05955064950247345, -0.006331205207441028, 0.009002563252199823, 0.12161622414191006, 0.03248293233377116, 0.06364356246671596, -0.007602378884946668, 0.012145650118547926, 0.15180825129869704, 0.08622036599468488, 0.0764941831842029, -0.007712853058129934, 0.01381208474618548, 0.18212258052512875, 0.1356852140424507, 0.09594249299602774, -0.006979064302004243, 0.01426981574691121]","[0.38293505959591245, -0.3083789110747804, 0.31507854993644924, -0.4983303614522161, -0.16375455604042735, 0.029811179457305492, 0.34789537525505443, -0.344631202112579, 0.319655026004315, -0.5922547013944677, -0.10187006763167555, 0.132237945678841, 0.3324515613840583, -0.35506955129693146, 0.31962215913419306, -0.6265555425094201, -0.0802400036741766, 0.16564525559572285, 0.32727137378306187, -0.35581085042028127, 0.3186569650161233, -0.63445801438493, -0.07574987547357415, 0.17097822255177958, 0.326284473566997, -0.3551567665484892, 0.3182127948810719, -0.6349158969745835, -0.0756824505593782, 0.1703039032336241, 0.326284473566997, -0.35515676654848916, 0.31821279488107196, -0.6349158969745833, -0.07568245055937815, 0.17030390323362393]","[-0.04017475213896562, 0.038865699600244545, 0.03540305966148787, -0.041501247898108384, 0.034400232634307804, 0.027515243794422876, -0.04357528312936373, 0.031318613253720845, 0.009327517565140732, -0.04571318871132223, 0.031488543070289865, -0.01688038503888031, -0.048013003479346075, 0.036278305055451966, -0.04701854771257302, -0.0508662108592846, 0.04544577710257885, -0.07711996742951241, -0.0545712823754863, 0.05752115875561306, -0.10438027648879822]","[-0.04066219270229339, 0.04087925472259524, 0.03496219596862793, -0.04064993649721145, 0.04087701954841616, 0.034963417863845825, -0.04063458830118179, 0.04086769142150881, 0.034976933217048645, -0.040602547079324716, 0.04084897556304934, 0.034992847657203674]"
"[8.994897603988647, 9.044897603988648, 9.094897603988647, 9.144897603988648, 9.194897603988647, 9.244897603988647, 9.294897603988648]","[0.05069144892171689, -0.09523533733530411, 0.0806109726277986, 0.003086135667877658, -0.003689146639847403, 0.05412494231367824, -0.08730550155942686, 0.07103572360355835, 1.0231161099420446e-05, -0.00029886704888261895, 0.06601126242853873, -0.06259259682033068, 0.06214719326758435, -0.002770692374405066, 0.004375510985802371, 0.08380068316219792, -0.022287682911693016, 0.05676924193304246, -0.004752313836061993, 0.008650815860536632, 0.1049429814887342, 0.027181064281053092, 0.0580544600382789, -0.005700594850764193, 0.011654899636000462, 0.12728974267944845, 0.07820025625794057, 0.06658832776490141, -0.0056654891189568315, 0.01318027492895322, 0.1491468625183367, 0.12454364415245404, 0.08020181233880035, -0.004894612204025492, 0.013446739435694013]","[0.36489449468186674, -0.2871050091158303, 0.3034060486264051, -0.4947892755080989, -0.17209139486681285, -0.0023388929099155964, 0.3217832898556521, -0.3124543324744231, 0.30233827207830166, -0.5852663456671342, -0.1152831279905944, 0.0827388165396918, 0.30376293546981586, -0.31839737433714943, 0.30018425486653466, -0.6171122740886495, -0.09626805233476231, 0.10843966145168872, 0.29823521847738366, -0.31782810186435223, 0.2987024063307708, -0.6237531815729893, -0.09282763027911568, 0.11123243140299624, 0.2973357762770481, -0.31698071060042005, 0.29821396701587183, -0.6238402227069816, -0.09301608374018668, 0.11008336018433279, 0.2973357762770481, -0.31698071060042, 0.29821396701587194, -0.6238402227069814, -0.09301608374018663, 0.11008336018433264]","[-0.040158238153816715, 0.038844863800937095, 0.03541769847826346, -0.040776497525043434, 0.03411566287708783, 0.028098637596282196, -0.04130637705766617, 0.03046066522905159, 0.011236357824851488, -0.041174403489128666, 0.02951248182391626, -0.01294906404673242, -0.04071619010401699, 0.03242743036821902, -0.040580563201602166, -0.04054640277983781, 0.038888599311658396, -0.06787767679522712, -0.04110370336588471, 0.04741908199798356, -0.09206570445231142]","[-0.04065104290843009, 0.0408425382614136, 0.03497273108959198, -0.040653412193059915, 0.040851747179031395, 0.03496510169506073, -0.04066689774394035, 0.04085219421386721, 0.03496219596862793, -0.0406706379354, 0.04085517444610598, 0.034954939103126526]"
"[9.245319604873657, 9.295319604873658, 9.345319604873657, 9.395319604873658, 9.445319604873657, 9.495319604873657, 9.545319604873658]","[0.05074011831518353, -0.09509454957381054, 0.08055392007125652, 0.0030328324851117065, -0.003663297955250801, 0.05312448252784717, -0.08788558936707803, 0.07050345098100562, 0.0005536354664863353, -0.0005924781653894428, 0.0611729091862445, -0.0656942163730845, 0.060746071104550645, -0.0014348093271463608, 0.0036514903414728156, 0.07225125827326404, -0.02965125627915702, 0.053472327764121225, -0.0027110711908783533, 0.007522188369785656, 0.08446098927571755, 0.014379055884196967, 0.05113918534345019, -0.0032033081578306537, 0.010207297048614672, 0.09653964308006394, 0.059411627104850734, 0.054135168560492414, -0.0029977052282673415, 0.011489771382798745, 0.1075776935035153, 0.09959964657576868, 0.060675565432973345, -0.002284035633749477, 0.01153041469063985]","[0.3482783387962263, -0.257487695669632, 0.2887158606548975, -0.4790162024892394, -0.1901873030827, -0.052967440708794805, 0.2970913643873831, -0.26797851145661256, 0.2804064091042791, -0.5611739087104789, -0.14259939532627947, 0.006510607931703133, 0.27605216620898454, -0.2679415213868354, 0.2754292129707491, -0.5893288221855928, -0.1274366245518121, 0.02173281079474459, 0.2698455896809283, -0.2656837920256913, 0.2732068949231755, -0.5946801575332361, -0.1251980867413051, 0.021436312684616786, 0.26892012154006883, -0.26460213192510434, 0.27263877228871963, -0.5944885669036353, -0.1255972109503599, 0.01980455157969225, 0.26892012154006883, -0.26460213192510434, 0.27263877228871974, -0.594488566903635, -0.12559721095035983, 0.019804551579692093]","[-0.04017516495222103, 0.038818484016907094, 0.03531248755480796, -0.04022594019212172, 0.03382552909812961, 0.028896409948039044, -0.0392299314342554, 0.02951254849340444, 0.014389662695935007, -0.03667025186591684, 0.02714648692486995, -0.006182205849730174, -0.033116622859802394, 0.027620722130868133, -0.029403759167420843, -0.02947649451378077, 0.030636138486471717, -0.05194072050804981, -0.026467321111103878, 0.03497108878772811, -0.07127940013018819]","[-0.04066730752587318, 0.040826921844482444, 0.034866292095184326, -0.040656899064779276, 0.04081908383369448, 0.03488587222099304, -0.04065231695771217, 0.04082099118232729, 0.03488830111026764, -0.040646676868200296, 0.04082713046073916, 0.03491033992767334]"
"[9.497674942016602, 9.547674942016602, 9.597674942016601, 9.647674942016602, 9.6976749420166, 9.747674942016602, 9.797674942016602]","[0.07107611074360215, -0.08571352941189007, 0.07403583636802173, -0.0027361568888414653, -0.001597054199746194, 0.08790356017073767, -0.06935745000315971, 0.06226206998201936, -0.0031251352551104647, 0.0012070072849686114, 0.09792876984401454, -0.04382317332666054, 0.0515100803161601, -0.0019403000248588008, 0.004193651329200008, 0.09781860724178901, -0.01255013686823017, 0.0425678276016703, -3.786706650729067e-07, 0.006425774626405341, 0.0880427582552229, 0.019304107326287515, 0.036129303977840206, 0.002047403425503029, 0.0075538052652418565, 0.0712905809368449, 0.047108773743245375, 0.03216187948507196, 0.003753260111777318, 0.007614684532170041, 0.051092809829105836, 0.06776858735142902, 0.02991444684344039, 0.0048652869744271535, 0.006829225478986491]","[0.1394656043133308, -0.21072410744513503, 0.22385332917510434, -0.23520376523984715, -0.08580019659907086, -0.001151289560047366, 0.07340602044141092, -0.17392949395044635, 0.19582839577605293, -0.27536286657546594, -0.0747459696122794, -0.03162659453252464, 0.04849229797556165, -0.1544591298098425, 0.18343339243322018, -0.2831045442246483, -0.0761018333150393, -0.05505214041115585, 0.04245168153508139, -0.14668097849229125, 0.179442446723265, -0.28092475853038257, -0.0794439474876006, -0.06725557813014774, 0.04200919299235909, -0.1448641817301063, 0.17874592561709543, -0.2791152162843973, -0.08092120429302523, -0.07080608104093919, 0.04200919299235909, -0.1448641817301063, 0.17874592561709543, -0.2791152162843973, -0.08092120429302523, -0.07080608104093919]","[-0.04988951756135965, 0.03652370861144166, 0.02392486276139723, -0.05333872766756342, 0.03141814638027176, 0.01155966075077445, -0.05111457111037883, 0.02673206061743545, -0.0029631518862907767, -0.04322347958038776, 0.022839484175927394, -0.01722678953990697, -0.03135894404700836, 0.0199904154714027, -0.02911457132371805, -0.01781837439355764, 0.018077803928047826, -0.037342394119468325, -0.004779142219362427, 0.016714082992825813, -0.041495840218307135]","[-0.050501556098461145, 0.03735220947265627, 0.023429397559165954, -0.04866438448429107, 0.03777096190452578, 0.02537170431613922, -0.04764623284339904, 0.038475369596481346, 0.027170363879203796, -0.04608877837657928, 0.03877181329727175, 0.029091987824440002]"
"[9.746055841445923, 9.796055841445924, 9.846055841445922, 9.896055841445923, 9.946055841445922, 9.996055841445923, 10.046055841445924]","[0.15725276032741753, -0.016872634444632866, 0.0660480982074683, -0.0006064021949042415, -0.0017156123162744474, 0.14627871910408868, -0.016103994238506125, 0.0523969463821457, 0.003179474483772362, -0.0003704258878089542, 0.1178584584666792, -0.011957829050635582, 0.03753317672987444, 0.006602729143076913, 0.0010186760845213303, 0.0776019978800654, -0.005605359552846126, 0.025415155230603344, 0.008865351008153452, 0.0020368341099860155, 0.03371090938133359, 0.001312694641164239, 0.018689805881585312, 0.009640213905803944, 0.0025739820991287385, -0.005860171166594732, 0.007568275273635159, 0.016931181443916508, 0.009003909711801903, 0.0026923109285884902, -0.03548885301691351, 0.012538987480611665, 0.017531919698258406, 0.007295632372434027, 0.002502407439779033]","[-0.024030227682190652, -0.1153171135096774, 0.15339887203345642, -0.12164854569568077, -0.06252193712730456, -0.08577652240496211, -0.042741613473358385, -0.1052896312194765, 0.14588995484732525, -0.13332354440449734, -0.058790278304626825, -0.09356126795563406, -0.03943062306121334, -0.10705906048194716, 0.1474836855405505, -0.1310049537500799, -0.05925678909890657, -0.09225892898679525, -0.03288397341488204, -0.1105096088812511, 0.15027014380971107, -0.12666828414237483, -0.060485226910421575, -0.08971761204509233, -0.030067922071244372, -0.11197464025132961, 0.15141413681699625, -0.12482068102901273, -0.06106852103774119, -0.0886557378883027, -0.030067922071244372, -0.11197464025132961, 0.15141413681699625, -0.12482068102901273, -0.06106852103774119, -0.0886557378883027]","[-0.07325989404894337, 0.03613002807560832, -0.02233231639280352, -0.0655572761646663, 0.02836709748949817, -0.020178958420282354, -0.0497821723872909, 0.020105227322219178, -0.016157855828054804, -0.029260971446376873, 0.013548333269305088, -0.010864710407030515, -0.008157240238695464, 0.009792762796288499, -0.005269874092748903, 0.009898173517031678, 0.008358629145276847, -0.0004584204791203519, 0.022617650777396785, 0.007938393326838102, 0.0027545709447355906]","[-0.07359755128622054, 0.03657210388183596, -0.022649574959278107, -0.07373782336711883, 0.037241762065887474, -0.022846471452713013, -0.0735975233465433, 0.03792033114433291, -0.022825512969493866, -0.07344593942165374, 0.03840950646400454, -0.022880960190296173]"
"[9.99630331993103, 10.046303319931031, 10.09630331993103, 10.14630331993103, 10.19630331993103, 10.24630331993103, 10.296303319931031]","[0.09694186213884745, 0.01970400972409539, 0.034739260725077464, 0.002448844972498602, 0.0030717913379267182, 0.07667220465631648, 0.0265979209333101, 0.025764045942961396, 0.004746689478307539, 0.001979324803725043, 0.05024780628650728, 0.026001543441680722, 0.018560733440836655, 0.0060113546044256025, 0.00059915198676276, 0.023268434839481433, 0.019140255461168654, 0.013799906795755322, 0.00613797663223342, -0.0007288859377167514, 0.00043933780040264573, 0.008268711155382552, 0.011186062969558624, 0.0053162889326488225, -0.0017800837740067068, -0.015343339653570078, -0.0041111819155202145, 0.009781121138060477, 0.0038722362460094843, -0.002449760700998817, -0.023095538834308357, -0.01579450426477179, 0.008655088464298204, 0.0021414157671877524, -0.0027231224594963374]","[-0.03144708038811832, -0.10280557041300377, 0.1484354996088154, -0.04248475716597018, -0.06889182572026942, -0.10727873660331928, -0.01863319506122252, -0.11038921398083669, 0.1544134871148184, -0.03488603068583057, -0.07030186096078272, -0.10056254764829914, -0.008725418997580513, -0.1192006672044412, 0.15995702894794114, -0.032934090287287054, -0.06850489086871497, -0.0890937797833533, -0.0037593500590231616, -0.12455425850122163, 0.16301173479895484, -0.033212501282891986, -0.06669675512740675, -0.08135446901754778, -0.00241345500996832, -0.12623565900397019, 0.16389385377158594, -0.03360827276123309, -0.06599278640397858, -0.07876587007112244, -0.00241345500996832, -0.12623565900397019, 0.16389385377158594, -0.03360827276123309, -0.06599278640397858, -0.07876587007112244]","[-0.036432845194126776, 0.01924313281996139, -0.02835216525096171, -0.025253965397694846, 0.014315111125912926, -0.02599708372416576, -0.013527106676704495, 0.010193384103836009, -0.01933615525724657, -0.00341144934731115, 0.007263184554361322, -0.010250770344849398, 0.0036642692723390623, 0.005400941676671103, -0.0007262968485806944, 0.007151081689865502, 0.004201572006528328, 0.007624382733534158, 0.007249033903385771, 0.0032894833105951804, 0.013756739294677372]","[-0.036603101491928094, 0.019319420242309593, -0.0285595841050148, -0.038378790915012354, 0.020059024477005027, -0.028244513952732087, -0.04011783465743064, 0.02092099704742434, -0.027731697940826416, -0.04199319794774055, 0.02189016857147219, -0.027348000490665436]"
