ID,x1,y1,z1,x2,y2,z2,x3,y3,z3
0,0.10106906965374947,-0.10551439821720124,0.10729564353823662,0.0932980515062809,-0.19713344126939775,0.127633485943079,0.03436763640493155,-0.2937724471092224,0.14481285810470582
1,0.10072410330176354,-0.1054594486951828,0.1073132187128067,0.09080332964658737,-0.19629859030246735,0.1299777403473854,0.02875801082700491,-0.29175207316875457,0.14813701063394547
2,0.10000085607171058,-0.10549855902791024,0.1072409249842167,0.08847208544611931,-0.19601045399904252,0.12931314557790757,0.018190253246575593,-0.2836027592420578,0.1495298132300377
3,0.10021515190601349,-0.10570603758096694,0.10655189082026481,0.08905814439058304,-0.19706315398216248,0.12482633590698242,0.01883081588894129,-0.2850881159305573,0.1412496581673622
4,0.10025225803256035,-0.10570869669318199,0.10656298100948333,0.08969411328434944,-0.19681931734085084,0.12520395070314408,0.020100907236337662,-0.2855969280004501,0.1418907344341278
5,0.10021663457155228,-0.10566046684980393,0.10710563063621521,0.0947697028517723,-0.19641601294279099,0.1278129130601883,0.043913097307085994,-0.29229151606559756,0.15931974202394486
6,0.1014688029885292,-0.10574834644794465,0.1063992902636528,0.10078551769256591,-0.19715893417596816,0.12526724264025688,0.06692825630307198,-0.3022054672241211,0.1566191852092743
7,0.10158431529998779,-0.10591707900166511,0.1061900183558464,0.1030178926885128,-0.19717222303152085,0.12467602714896202,0.07864623889327049,-0.3029357820749283,0.16161019653081893
8,0.10292163640260696,-0.10552261248230935,0.10454505532979966,0.10718969330191612,-0.19654394835233688,0.12174528911709785,0.08785365000367165,-0.29717504382133486,0.16889165788888932
9,0.1025620736181736,-0.10552474483847618,0.10428318083286285,0.10673865228891373,-0.1974702939391136,0.12095712795853615,0.0850672923028469,-0.29860739409923553,0.16388799250125885
10,0.10274935439229012,-0.10547727048397064,0.10450772494077683,0.10734229311347007,-0.19611261337995528,0.12124629989266396,0.08874248936772347,-0.29676140546798707,0.16894304156303405
11,0.10319259241223336,-0.10515147596597671,0.10329645350575448,0.10857894867658616,-0.1969765231013298,0.11946850419044494,0.09139803946018218,-0.2975252687931061,0.16619191318750381
12,0.10323762223124504,-0.10494407936930657,0.10313291400671006,0.1090928629040718,-0.19684844166040422,0.11993903070688247,0.09730400741100312,-0.2916425675153732,0.17611639499664306
13,0.10335569232702255,-0.10506754592061043,0.1032779112458229,0.10960854813456536,-0.19691238701343536,0.12022960409522057,0.10172262489795685,-0.29450714588165283,0.17368413805961608
14,0.10472409129142761,-0.10453254207968712,0.10181616097688675,0.11241257041692734,-0.19003706723451613,0.10918826386332511,0.11468898430466652,-0.29746942818164823,0.15886622071266174
15,0.10471988916397094,-0.10454297736287117,0.10183417350053788,0.1123734325170517,-0.19003340601921082,0.1092051848769188,0.11459852680563927,-0.2974839746952057,0.15886745750904083
16,0.10484110116958618,-0.10438700392842293,0.101368847489357,0.11250782907009124,-0.1898765578866005,0.10821338891983032,0.11478554606437683,-0.29717898070812226,0.15831862837076188
17,0.10487679094076156,-0.10437934398651123,0.10136701986193657,0.11253687366843224,-0.18986937403678894,0.10825212970376015,0.11514554545283318,-0.2971543431282043,0.1585468605160713
18,0.10520025715231895,-0.10468721687793732,0.10134123861789704,0.12051180824637413,-0.19671232104301453,0.11196211576461793,0.14851485043764115,-0.29317946135997774,0.1586481437087059
19,0.1069711573421955,-0.10398995131254196,0.09910478144884109,0.1282765880227089,-0.1944734588265419,0.10039679631590843,0.18436098843812943,-0.2817707747220993,0.12897683084011077
20,0.10694892406463623,-0.10398336052894593,0.09910877346992493,0.12820858210325242,-0.19449419230222703,0.10045914873480796,0.18415518701076508,-0.28191497921943665,0.12900047451257707
21,0.10692983865737915,-0.10398400723934173,0.09909791052341461,0.12816507369279861,-0.19445686787366867,0.10035006180405617,0.18398812860250474,-0.2820161014795303,0.1288985937833786
22,0.10748955085873604,-0.10365323424339294,0.09881044179201126,0.1303511917591095,-0.19314134269952773,0.09736706614494324,0.18972788453102113,-0.2795696794986725,0.12111538499593735
23,0.10696788802742958,-0.1037544459104538,0.09956798925995827,0.13024309054017066,-0.19367472529411317,0.0987151801586151,0.19588367640972137,-0.2765538066625595,0.11529166772961616
24,0.10693323910236359,-0.10395156219601631,0.09767443984746933,0.1316318094730377,-0.19320599287748336,0.08760299235582351,0.20365068316459656,-0.2733070880174637,0.08245848193764686
25,0.10752866566181182,-0.1043689452111721,0.09775069952011109,0.1341648668050766,-0.1919896513223648,0.0852848544716835,0.21167273372411727,-0.2652708351612091,0.07659735605120659
26,0.10740019753575325,-0.10442260056734085,0.09738652855157852,0.13463607132434846,-0.19172075986862183,0.08425677567720413,0.21248250603675842,-0.2644742101430893,0.07372174710035324
27,0.1073053777217865,-0.10447451174259186,0.09763730317354202,0.13459715098142624,-0.19182840436697007,0.08465257585048676,0.21247793287038802,-0.26438644528388977,0.07404390797019005
28,0.10750725269317626,-0.10432609543204308,0.09768575429916382,0.1357059434056282,-0.19149803519248962,0.08447007387876511,0.21744318455457687,-0.25834341049194337,0.07222728207707405
29,0.10714936405420303,-0.10387806370854377,0.0975087672472,0.13310782462358475,-0.19135614782571791,0.08337609842419624,0.21262628436088563,-0.26054122149944303,0.06769362539052963
30,0.10553614571690559,-0.10481240600347519,0.09811769351363182,0.12465480789542198,-0.19603834301233292,0.08157465681433677,0.18096164762973785,-0.27897596061229707,0.04385299291461706
31,0.10160910487174987,-0.10598197430372239,0.10067289397120475,0.10828327015042305,-0.20062928944826125,0.0888646125793457,0.1434018135070801,-0.30319983661174776,0.05117891225963831
32,0.1004736751317978,-0.10541472882032395,0.10045767426490784,0.11004406437277794,-0.19902218878269196,0.08611705303192138,0.1663263976573944,-0.28468629717826843,0.04291723966598511
33,0.10029751062393188,-0.10537548959255219,0.1006044439971447,0.10908668711781502,-0.19882723838090896,0.0863076001405716,0.16457710564136505,-0.28478482365608215,0.0429072979837656
34,0.10142852216959,-0.10515426993370056,0.10033157765865326,0.11329054236412048,-0.19724731147289276,0.08424103036522865,0.17374425232410431,-0.2735872268676758,0.03476609289646149
35,0.10155439227819443,-0.10504978895187378,0.10019630119204521,0.11137950122356415,-0.19717368185520173,0.08405663818120956,0.16805430501699448,-0.2747606009244919,0.032128415629267694
36,0.10218037217855454,-0.10513504892587662,0.10030836686491966,0.11210276782512665,-0.19739113450050355,0.08482467979192734,0.1680297628045082,-0.2751238703727722,0.03248629085719586
37,0.10205120071768761,-0.10527924820780754,0.1005722664296627,0.11186096519231796,-0.19745102822780608,0.08537706285715103,0.1674727365374565,-0.27512715458869935,0.032603314518928526
38,0.10102272927761077,-0.10533312410116195,0.10085862502455711,0.10294874608516694,-0.19771955907344818,0.08338392302393913,0.12853850647807122,-0.2747366547584534,0.01170599430333823
39,0.0991106815636158,-0.10535154789686203,0.10103345438838005,0.09467977210879326,-0.19693972915410995,0.08304267674684525,0.10612995997071266,-0.2745401203632355,0.006337131746113301
40,0.09963512346148491,-0.10567912757396698,0.10159206092357635,0.09477693662047386,-0.19832807183265685,0.08502008467912674,0.10181720927357674,-0.2786688357591629,0.00966180064715445
41,0.0988741397857666,-0.10531135201454163,0.10380430221557617,0.09366709515452384,-0.1988302245736122,0.08935168161988258,0.09932061433792114,-0.27762445211410525,0.012755328323692083
42,0.0988419882953167,-0.10497193634510041,0.10412633940577506,0.09114862829446793,-0.19788124412298203,0.0901892825961113,0.08999758660793304,-0.27246373295784,0.009745062422007322
43,0.09884658232331275,-0.10496759861707687,0.10409862324595451,0.09119738265872002,-0.1979070484638214,0.09010502845048904,0.09004686772823334,-0.2723031252622604,0.009542248118668795
44,0.0987291932106018,-0.10492380559444428,0.10439883172512054,0.09088435620069504,-0.19792275726795197,0.09075479060411454,0.08977243900299073,-0.27257236242294314,0.010315056797116995
45,0.09869903326034546,-0.10492520928382873,0.10451992079615594,0.09086680933833122,-0.1979895457625389,0.09101577252149581,0.08980602398514748,-0.27266248166561124,0.010629086382687091
46,0.09760282188653946,-0.105228191614151,0.10549900382757187,0.08063190951943397,-0.19718816727399827,0.100617865473032,0.04782798252999783,-0.27894058227539065,0.03281118925660849
47,0.09749979376792908,-0.10537052378058434,0.1056647889316082,0.0813081793487072,-0.19757142663002014,0.0995346613228321,0.046857235580682756,-0.27592779099941256,0.028790225088596345
48,0.09711463153362274,-0.1047298364341259,0.10664948523044586,0.07870226427912712,-0.19627630114555358,0.10501788631081581,0.038087400048971175,-0.28005833029747007,0.04328393377363682
49,0.09715131968259812,-0.10512200966477395,0.10665810704231263,0.07973402366042137,-0.19670606553554534,0.1041722446680069,0.03990355506539345,-0.2781098335981369,0.03949250988662243
50,0.09689474031329155,-0.10622872486710548,0.10651550590991973,0.0756390392780304,-0.1949647605419159,0.10820914953947067,0.019961011409759522,-0.27392924427986143,0.052850641310214996
51,0.09678999558091164,-0.10528408661484719,0.10712970644235612,0.07605096697807312,-0.19557460248470307,0.11061841547489167,0.018452333658933638,-0.2780948728322983,0.06134869828820229
52,0.09670582786202431,-0.10495458394289017,0.10704714730381966,0.07598829120397568,-0.19528642296791077,0.11167120784521103,0.018619889579713344,-0.2789564818143845,0.06380014717578888
53,0.09671403616666793,-0.1051527850329876,0.10799603089690209,0.07570291161537171,-0.195220385491848,0.11662669628858566,0.010974395833909512,-0.27856882512569425,0.07752446681261063
54,0.09670040979981423,-0.10513847470283508,0.10797985568642617,0.07566330283880233,-0.19519799649715425,0.11656595095992088,0.010611139889806508,-0.2783047169446945,0.07757030427455902
55,0.09664330184459687,-0.1051048070192337,0.10798525884747505,0.07544041275978089,-0.1949076011776924,0.11713717728853226,0.01009156797081232,-0.27819225788116453,0.07896521240472794
56,0.0966721348464489,-0.10519606545567513,0.10794187933206559,0.0761028453707695,-0.1948875978589058,0.1175677314400673,0.011309950798749923,-0.2788720101118088,0.07981990650296211
57,0.09697522968053818,-0.1051651306450367,0.10794910714030266,0.07676373273134232,-0.19494202136993408,0.11759309470653534,0.011633024178445339,-0.2787786602973938,0.08011265248060226
58,0.09720006212592125,-0.10476568341255188,0.10754352509975433,0.07523815333843231,-0.19423972070217133,0.11720970422029495,-0.002656982943881303,-0.26936767995357513,0.08689872026443482
59,0.09761987552046776,-0.10488255843520164,0.10634007081389427,0.07753064334392548,-0.19462055265903472,0.11403846442699432,-0.00012759194578393362,-0.2703962206840515,0.08369166776537895
60,0.09736058861017227,-0.10466033667325973,0.10708602070808411,0.07698694691061973,-0.19450768381357192,0.11565328985452653,-0.0006687377521302551,-0.2702975392341614,0.085544054210186
61,0.09735766723752022,-0.10477057993412017,0.10735540091991425,0.07700292468070984,-0.19435566663742065,0.11707376763224601,0.003294841095339507,-0.2723443865776062,0.08676154911518097
62,0.09705788865685464,-0.10454241186380386,0.10856333449482918,0.07789110615849495,-0.19458462446928024,0.12129361107945442,0.00888603152707219,-0.27809724509716033,0.09354557618498802
63,0.09700368791818618,-0.10492000803351402,0.10847916603088378,0.07796139642596245,-0.1944605752825737,0.12177734076976776,0.010221497746533715,-0.2784178137779236,0.09337606355547905
64,0.09662413597106934,-0.10528497844934463,0.10893612504005432,0.07638791054487229,-0.1947064831852913,0.12374976426362991,0.003968360158614815,-0.277929013967514,0.10195409953594207
65,0.09693111330270768,-0.10496763736009598,0.10814358517527581,0.0764331229031086,-0.1945480763912201,0.12130513489246368,-0.0009988580830395221,-0.2731965571641922,0.10076470226049423
66,0.09665559381246566,-0.1052503764629364,0.10824170038104057,0.07705914676189422,-0.1946577787399292,0.12067499533295631,-0.0001243034057551995,-0.27307146191596987,0.09856891706585884
67,0.09665047377347946,-0.10523942112922668,0.10823357850313187,0.07705978378653526,-0.19465878158807753,0.12066776826977729,-8.310255398100708e-05,-0.2731046289205551,0.09853385612368584
68,0.09661355167627335,-0.10517142340540886,0.10842998251318932,0.07682636454701423,-0.19457888305187226,0.1211230494081974,-0.00033680204360280185,-0.2728361189365387,0.09859335124492645
69,0.0964927151799202,-0.10526157915592194,0.10846497267484664,0.07635743021965027,-0.19450708776712416,0.12100544348359107,-0.0009624794067349285,-0.2725048214197159,0.09809356108307839
70,0.096614308655262,-0.10491004437208176,0.10826345384120942,0.07545947134494782,-0.19415074586868286,0.1195016510784626,-0.001765213196631521,-0.27099418342113496,0.09170005545020103
71,0.09661722481250763,-0.10491690337657929,0.10825271755456925,0.07533237412571907,-0.19413117319345474,0.11935621500015259,-0.0020549703389406205,-0.2708031564950943,0.0913384199142456
72,0.09661677479743958,-0.1049090139567852,0.10823875367641449,0.07533312737941741,-0.19413230270147325,0.1193389855325222,-0.0020346846082247793,-0.27080859541893004,0.09129553809762
73,0.09635717421770096,-0.10473757907748223,0.10803553760051728,0.07316078245639801,-0.19352914839982988,0.11730779483914375,0.0005174706922844053,-0.2719065099954605,0.08265899792313576
74,0.09648666828870774,-0.10474415570497513,0.10780491754412651,0.07492027804255486,-0.19403232485055924,0.11246834844350814,0.010879255458712577,-0.27135359346866605,0.06350552700459958
75,0.09682312905788422,-0.10369819924235343,0.10835135132074356,0.07719385921955109,-0.19535358846187592,0.10760974213480949,0.01944164652377367,-0.27171696722507477,0.05002188086509705
76,0.09724365025758744,-0.10524314641952515,0.10785955563187599,0.0797488510608673,-0.19647083282470704,0.10725471153855323,0.04170679897069931,-0.2812594145536423,0.044424643740057945
77,0.0966814287006855,-0.1049434445798397,0.10724686160683632,0.08073492348194122,-0.19723863303661346,0.10205161347985267,0.048557179793715474,-0.27530902028083803,0.029914245940744877
78,0.09736963286995888,-0.10534940063953399,0.10604767426848412,0.08299181312322616,-0.19737854450941086,0.0992981493473053,0.05365787297487259,-0.27440603375434874,0.02501204442232847
79,0.09737185761332512,-0.10532052293419839,0.1060425028204918,0.08309484273195267,-0.19748440533876419,0.09907074272632599,0.05376274362206459,-0.2741964668035507,0.024710022658109666
80,0.09756086617708207,-0.10481344684958457,0.10563671886920929,0.08552109822630882,-0.19766160994768142,0.09650947377085686,0.06659666746854782,-0.2757795363664627,0.020612290315330028
81,0.09883410409092903,-0.10481169819831848,0.10407542213797569,0.09202903509140015,-0.19735735803842544,0.08980922922492027,0.08919706642627716,-0.26994341909885405,0.007388439448550344
82,0.09876581877470017,-0.10489905551075936,0.10275656804442405,0.09409402161836625,-0.19726059585809708,0.08790371343493461,0.09913946837186813,-0.271352556347847,0.007372896047309041
83,0.10042999312281609,-0.10427470952272415,0.10138765722513199,0.10132340788841247,-0.19627735465765,0.08365521878004074,0.12040223851799965,-0.2652052789926529,0.0015020465129055084
84,0.10018648058176041,-0.1043250471353531,0.10147680565714837,0.10094575062394143,-0.19628786593675612,0.0837766021490097,0.11981739103794098,-0.2652995318174362,0.0016598018002696336
85,0.10049419626593589,-0.1043042317032814,0.10149151012301445,0.1023950032889843,-0.19632592499256135,0.08337708637118339,0.12264030426740646,-0.2650528997182846,0.0019345037871971726
86,0.10197944343090057,-0.10439554750919341,0.10057497248053551,0.10767633020877838,-0.19582830667495726,0.0833678349852562,0.14577739983797072,-0.2659315407276154,0.010179649945348502
87,0.10252625420689583,-0.10440243408083916,0.09996409192681313,0.11080862134695053,-0.1949487879872322,0.0801738366484642,0.15049747079610826,-0.2628576666116714,0.005497960560023785
88,0.10268454104661942,-0.10433743074536324,0.10005122870206833,0.11208764910697937,-0.19543958306312562,0.08137491941452027,0.15392367988824845,-0.2627244174480438,0.007667825324460864
89,0.10293221697211266,-0.10444326251745224,0.09997001960873604,0.11450889408588409,-0.1945308953523636,0.07927972078323364,0.16038448959589005,-0.2578430026769638,0.004411997646093369
90,0.10294848307967186,-0.10421335324645042,0.09952502027153969,0.11451639011502265,-0.19433595836162568,0.07860272154211997,0.16056638211011887,-0.25745938122272494,0.0035463932203128935
91,0.10024189129471779,-0.10602361932396889,0.10223031789064407,0.10127735361456872,-0.20108760744333268,0.09106879755854606,0.11593267247080803,-0.2964922070503235,0.032048219442367555
92,0.10330115407705306,-0.10511673763394355,0.09761722832918167,0.1156317263841629,-0.1961926281452179,0.07793448194861412,0.16491951942443847,-0.2805891364812851,0.02461439147591591
93,0.10060722008347511,-0.106047123670578,0.10258255302906036,0.1060238741338253,-0.20233611017465591,0.09823764488101006,0.13990212976932526,-0.30873932540416715,0.07410818412899971
94,0.10607681646943093,-0.1040226735174656,0.09665886536240578,0.12961173728108405,-0.1930761381983757,0.07731935456395149,0.20115083009004592,-0.2675923556089401,0.04179840162396431
95,0.10483617633581162,-0.10507147982716561,0.09891426414251328,0.12303575351834298,-0.19688530266284943,0.08603117167949677,0.18468167781829833,-0.2833993941545486,0.05943049043416977
96,0.1051267221570015,-0.10471739321947098,0.09853670373558998,0.12476413398981094,-0.1956782653927803,0.08737526163458824,0.19057393968105316,-0.2805898725986481,0.07112053707242012
97,0.10616820603609085,-0.1041072778403759,0.09806594774127006,0.12846118062734604,-0.19410884976387024,0.08839111030101776,0.20099899917840958,-0.27298279404640197,0.07638096287846566
98,0.10615914463996887,-0.10411149635910988,0.09793828055262566,0.1284713104367256,-0.19408713430166244,0.08815156519412995,0.20101404637098313,-0.2729153513908386,0.07622819989919663
99,0.10610928162932395,-0.10381939113140107,0.0982737347483635,0.12752447724342347,-0.19434949159622192,0.0911063089966774,0.19707639813423156,-0.27647930979728697,0.08955108225345612
100,0.10598913133144379,-0.10408780798316002,0.09845530241727829,0.12610881626605988,-0.19418809115886687,0.09150159507989883,0.18737763315439224,-0.2840501040220261,0.0974444754421711
101,0.1060083657503128,-0.1039283387362957,0.09870485588908195,0.12640319615602494,-0.19426952302455902,0.09292614758014679,0.1883472293615341,-0.2829684019088745,0.10335466042160987
102,0.10599436461925507,-0.10393563583493233,0.09869852289557457,0.1263708159327507,-0.19428959041833876,0.09289695024490356,0.1882808178663254,-0.28300469517707827,0.10323139801621437
103,0.10598932504653931,-0.10394635647535325,0.09869926050305367,0.126370969414711,-0.19428577572107314,0.0929673194885254,0.1874219670891762,-0.28431340157985685,0.10413049682974815
104,0.10399520993232728,-0.10498948767781258,0.10108627304434777,0.12017800137400628,-0.1977877750992775,0.10239428505301476,0.1735198512673378,-0.29497394859790804,0.10780659392476082
105,0.10405047610402107,-0.10488494783639908,0.10079797133803367,0.1197299264371395,-0.19797999560832977,0.10548829808831214,0.1685697168111801,-0.29458586871623993,0.12403615489602089
106,0.10436250939965248,-0.10443622544407845,0.10139070674777031,0.12074234560132027,-0.19748616069555283,0.10874890983104706,0.16636135429143906,-0.2921487599611282,0.13667251393198968
107,0.10594385862350464,-0.1035736471414566,0.10067004337906837,0.12406003028154373,-0.19664864093065262,0.11079339906573296,0.16694560497999192,-0.2879251688718796,0.15341587066650392
108,0.10506968274712562,-0.10458134785294533,0.10124161317944527,0.11515369191765785,-0.19245969206094743,0.1112682856619358,0.136002379655838,-0.2931594103574753,0.16439286172389983
109,0.10514181777834893,-0.10440953969955444,0.10128885954618454,0.11601436734199524,-0.19233224540948868,0.11201793178915978,0.13720807433128357,-0.2925878942012787,0.16567477136850356
110,0.10514283403754235,-0.10439225137233735,0.10128531157970429,0.11605528071522712,-0.1923484683036804,0.11200733706355095,0.13736998587846755,-0.2925327271223068,0.1656677708029747
111,0.10427264347672463,-0.10484962612390518,0.10297382175922394,0.11468479707837105,-0.19578792601823808,0.11876008585095406,0.12942738085985184,-0.2912918716669083,0.17399033457040786
112,0.10416372641921043,-0.10487872660160065,0.10306269973516465,0.1126079685986042,-0.19426672905683517,0.1185670904815197,0.12090715542435646,-0.29092530310153963,0.17655557841062547
113,0.10408454462885856,-0.10496256873011589,0.10300272405147552,0.11164381578564644,-0.19559417366981507,0.11852583587169647,0.11304306536912918,-0.2950151741504669,0.17075185477733612
114,0.10379831194877624,-0.10524543300271035,0.10286722630262375,0.10518751293420792,-0.19798638224601744,0.11706769540905952,0.0740140862762928,-0.30389882028102877,0.14545764327049254
115,0.10366813838481903,-0.10493374988436699,0.1034180223941803,0.10454912856221199,-0.19751459062099458,0.11827228367328643,0.0662497639656067,-0.2995605140924454,0.1491422936320305
116,0.10276708006858826,-0.10508668944239616,0.10370295867323875,0.10127180889248848,-0.1969691827893257,0.12034954205155372,0.0606130700558424,-0.2981019616127014,0.1521855965256691
117,0.1021377094089985,-0.10482114925980568,0.1040839821100235,0.09900993406772614,-0.19662383794784546,0.1205579899251461,0.05077348425984383,-0.2933382302522659,0.15291712284088135
118,0.10254607647657395,-0.10576847195625305,0.10366208329796792,0.10542324557900429,-0.1992622897028923,0.11814927756786346,0.08176223933696747,-0.3086769849061966,0.14306659549474715
119,0.09976864606142044,-0.10529666617512703,0.10691597238183022,0.09209539368748665,-0.19534588605165482,0.12805902659893037,0.03379087969660759,-0.2879105359315872,0.15737249851226806
