x1,y1,z1,x2,y2,z2,x3,y3,z3
-0.09780496880412101,-0.1043697215616703,0.10213753581047058,-0.09805481657385826,-0.2088887572288513,0.10256495848298072,-0.11312183141708373,-0.3292752981185913,0.11264417991042137
-0.09909314662218094,-0.10410543456673622,0.10241449028253555,-0.10562091097235679,-0.20570653229951857,0.10251369848847389,-0.14683646932244301,-0.3144659161567688,0.10978995561599732
-0.10010025575757027,-0.10379915460944175,0.1018858902156353,-0.107508934289217,-0.20498625785112382,0.1022239126265049,-0.14249732121825218,-0.31175983548164365,0.11116243153810501
-0.09864775016903878,-0.10458199456334114,0.10196291878819466,-0.10049749538302422,-0.20873272866010667,0.1018928624689579,-0.1165316104888916,-0.3287253439426422,0.11108393669128418
-0.10303911566734314,-0.10226923450827599,0.10209763124585151,-0.12967805713415145,-0.19769028574228287,0.10352939516305923,-0.21841486692428588,-0.2669265389442444,0.11604855954647064
-0.10298643857240677,-0.10226631909608841,0.10208985954523087,-0.12949955016374587,-0.19773817509412767,0.10352041348814964,-0.2180231973528862,-0.26722142696380613,0.11600080877542496
-0.10292303785681725,-0.10224883630871773,0.10207683891057968,-0.1293052613735199,-0.19776252657175064,0.10348783358931542,-0.2176915094256401,-0.26749944090843203,0.11593774259090424
-0.09858987405896187,-0.10452010557055473,0.10199326649308205,-0.1004357948899269,-0.2086646229028702,0.1019521102309227,-0.11806489452719689,-0.32833932936191557,0.11110499575734138
-0.09904125556349755,-0.10447250455617904,0.10206538066267967,-0.09868058189749718,-0.20808345824480057,0.1018565684556961,-0.08727324083447456,-0.32837182879447935,0.10521710887551308
-0.09874077513813972,-0.10273742899298668,0.09970964416861534,-0.08646542504429817,-0.20149549543857576,0.09490738660097123,-0.037139760237187146,-0.3003521829843521,0.0905422568321228
-0.09690038710832596,-0.10234651491045951,0.09816420674324036,-0.03997669704258442,-0.21961425319314004,0.07807854264974594,-0.08395848609507084,-0.24816069304943084,0.09519381076097488
-0.09882575273513794,-0.10505731850862503,0.10139475762844086,-0.09507740810513496,-0.20966118574142456,0.0982537493109703,-0.08679962530732155,-0.33046613335609437,0.10344046205282212
-0.09348679110407829,-0.10120497792959213,0.0956708088517189,0.020925022754818202,-0.25805503129959106,0.05814036764204502,-0.06309319101274014,-0.1948317527770996,0.08961216583848
-0.09699185118079186,-0.10169285237789154,0.09754208251833915,-0.07646403349936008,-0.19895595908164979,0.08738557398319244,-0.010217241279315203,-0.28594457507133486,0.07518042027950286
-0.09906822741031647,-0.10475659444928169,0.10114193186163903,-0.09133448451757431,-0.20752229690551757,0.09537418931722641,-0.06135251894593239,-0.32244121134281156,0.0900151364505291
-0.0991714857518673,-0.10467930361628533,0.10131576657295227,-0.09003749042749405,-0.2072013571858406,0.097800013422966,-0.05905969962477684,-0.3224879831075668,0.09470562860369683
-0.09895195513963699,-0.10465832203626632,0.1016673780977726,-0.08443991020321846,-0.20601607859134674,0.10516858696937562,-0.0422364242374897,-0.33247600197792054,0.11409574523568153
-0.09878216460347175,-0.10428132265806198,0.10196195319294929,-0.08418443873524666,-0.20529015809297563,0.10616487637162209,-0.048919206112623216,-0.31917263865470885,0.1141066499054432
-0.09887881875038147,-0.10427080616354942,0.10188542008399963,-0.08469827249646186,-0.20526946932077408,0.10588789209723473,-0.05027903504669666,-0.31984332799911497,0.11343393176794052
-0.09876850321888923,-0.1041820727288723,0.10192092880606651,-0.08424466848373413,-0.20520836859941483,0.10626386180520057,-0.049641876667737964,-0.3198254227638245,0.11459777727723122
-0.09874276295304299,-0.10418366566300392,0.1019600473344326,-0.08394381999969483,-0.2053111657500267,0.1066236987709999,-0.04893626868724823,-0.3199149429798126,0.11525741815567017
-0.0987497828900814,-0.10422084555029869,0.10194421261548996,-0.08426140546798706,-0.2053537040948868,0.10619168654084206,-0.049662677198648454,-0.3194714277982712,0.11448667868971825
-0.09875267893075942,-0.10422455072402954,0.10194274485111236,-0.08429358527064323,-0.2053555503487587,0.10618758499622345,-0.04967108257114887,-0.3198601812124252,0.1144539512693882
-0.09977519437670708,-0.10423832163214683,0.10166138708591461,-0.0939883016049862,-0.2057610869407654,0.09641290232539176,-0.06869470104575157,-0.32264829277992246,0.09166069254279137
-0.1006587989628315,-0.10372124090790749,0.10088688731193543,-0.10195959061384201,-0.20320937484502793,0.08810005858540534,-0.08679196983575821,-0.32107727229595184,0.07237942814826966
-0.10080592632293701,-0.10376693159341813,0.10085254758596421,-0.10274437442421913,-0.2034603774547577,0.0884606696665287,-0.09274239242076873,-0.3226033180952072,0.0738397128880024
-0.10212498605251312,-0.10275528505444527,0.09905053749680519,-0.11362723857164383,-0.19612021148204803,0.075656196475029,-0.11895719841122628,-0.31463868618011476,0.04739661477506161
-0.10182084739208222,-0.10236570984125137,0.09863604605197906,-0.11427383869886398,-0.19573715776205064,0.0743253268301487,-0.1216254934668541,-0.3135334253311157,0.045146618783473966
-0.10095397755503654,-0.10334687903523446,0.10016052946448326,-0.104633279889822,-0.20235788822174072,0.08612478300929069,-0.0986068844795227,-0.32148775458335876,0.06963838711380958
-0.10077773779630661,-0.1033780924975872,0.10027717351913452,-0.10327484756708145,-0.2031089872121811,0.08749653920531272,-0.09550192430615426,-0.32221877872943877,0.0725172609090805
-0.10357638522982597,-0.10325045809149742,0.09968504160642624,-0.1090126670897007,-0.20313109457492828,0.08599043190479279,-0.10074850991368293,-0.32223754227161405,0.07176448926329612
-0.10950050428509712,-0.10274819433689117,0.09850597977638245,-0.12145923599600791,-0.20186002552509308,0.08235812112689019,-0.11364504992961884,-0.32133297622203827,0.06916612088680267
-0.10358895286917687,-0.10394969135522843,0.10042776614427566,-0.10828843116760253,-0.20468197166919708,0.08846679255366326,-0.09858172535896301,-0.32386204302310945,0.07687350139021873
-0.11637452766299247,-0.10203971117734909,0.09636055678129196,-0.13556935265660286,-0.2004103660583496,0.07796041667461395,-0.12874487712979316,-0.3200203269720078,0.06722375303506851
-0.11676545590162277,-0.10215572863817216,0.09603821858763695,-0.1361546315252781,-0.20103044360876082,0.07810568511486053,-0.1287892207503319,-0.32058502435684205,0.06888381391763687
-0.11197952255606651,-0.10291370078921318,0.09773124679923058,-0.12520787715911866,-0.203327976167202,0.08263196125626564,-0.1149270586669445,-0.3230660319328308,0.07435363531112671
-0.10842607244849205,-0.10337639674544334,0.09893722459673882,-0.11779632344841957,-0.2046877399086952,0.08567237928509712,-0.10673122555017471,-0.3242292135953903,0.07715582400560379
-0.10701331570744514,-0.10370591655373573,0.09911837503314018,-0.11482706665992737,-0.20493029356002807,0.0865005873143673,-0.10373078435659408,-0.32452160120010376,0.07776401117444039
-0.09552672058343888,-0.10366520658135414,0.10152134299278259,-0.08825072646141052,-0.20520922392606736,0.09316683560609818,-0.07372786104679108,-0.32471822798252103,0.08432843759655953
-0.09111915677785873,-0.10357697904109955,0.10127350315451622,-0.07891947776079178,-0.20371335744857788,0.09286392703652382,-0.06351563297212123,-0.32351831197738645,0.08381399363279343
-0.08955849409103393,-0.10355001837015151,0.101055608689785,-0.07616282738745213,-0.2036526009440422,0.09268340021371842,-0.06025702208280563,-0.3232441633939743,0.08403394520282745
-0.08906751200556755,-0.10368876680731773,0.10113142803311348,-0.0747306328266859,-0.20383123010396959,0.09308100119233131,-0.05839909426867962,-0.3234383583068848,0.08520227298140526
-0.08824772462248802,-0.10364456325769425,0.10115812793374061,-0.0732270359992981,-0.20400793254375457,0.09361382201313972,-0.05996451266109944,-0.3248214304447174,0.08789852485060692
-0.08768662363290787,-0.10359040945768357,0.10118205994367599,-0.0721647396683693,-0.2040804520249367,0.09424282386898994,-0.060986874252557756,-0.32562207579612734,0.08969498500227928
-0.09259712249040604,-0.10381187945604324,0.10132097825407982,-0.08243110328912735,-0.2059971049427986,0.09418195933103561,-0.07167976945638657,-0.3272829383611679,0.09011955708265304
-0.09791636615991592,-0.1044840544462204,0.1049003355205059,-0.09395610839128495,-0.2068131908774376,0.10223740562796593,-0.08434930667281151,-0.32838089764118195,0.10009052902460099
-0.10167187824845314,-0.10492349267005921,0.11138676404953003,-0.10107381418347358,-0.20616321563720702,0.11674457415938377,-0.0922247476875782,-0.32797126173973085,0.11701728552579879
-0.10225407779216766,-0.10513653606176376,0.1131669044494629,-0.10212190747261048,-0.20558008551597595,0.12020725086331367,-0.09336978793144227,-0.3273083984851837,0.1202749602496624
-0.10140080451965332,-0.10515886470675469,0.11194542571902275,-0.10040794238448143,-0.20554474890232086,0.11738654971122742,-0.09236114397644997,-0.32716081142425535,0.11761053130030633
-0.1010261446237564,-0.10510323718190193,0.11080102846026421,-0.09977908283472062,-0.20582060813903807,0.11485776677727699,-0.09180235490202904,-0.3275332272052765,0.11439153030514718
-0.10097000524401664,-0.10484413430094719,0.10948782041668892,-0.09966356977820397,-0.20634441822767258,0.11221189200878143,-0.09160737693309784,-0.32808008790016174,0.11135978922247887
-0.10004709511995316,-0.10455756336450577,0.10753791332244873,-0.09809683337807655,-0.20697254836559295,0.1077278196811676,-0.09015000760555267,-0.32857374250888827,0.10639744102954865
-0.0993327833712101,-0.10456663519144058,0.1063267394900322,-0.09671240895986558,-0.2075197860598564,0.1050106406211853,-0.08848629146814346,-0.32865255773067475,0.10326247587800026
-0.09634621664881707,-0.10244145542383194,0.09786098301410676,-0.09051943495869637,-0.20582275688648224,0.08560265004634857,-0.0816348023712635,-0.32741789519786835,0.08097179234027863
-0.09343547075986862,-0.09990965351462364,0.08963962495326996,-0.08516487702727318,-0.20293424427509307,0.06718351319432259,-0.07593802809715271,-0.3244408667087555,0.06031984202563763
-0.09252688959240914,-0.0989402636885643,0.08731591776013374,-0.08318694904446602,-0.20179109126329423,0.062089329957962035,-0.07401546537876129,-0.32326083481311796,0.05492871180176735
-0.09337646439671517,-0.10027203559875489,0.09105542898178101,-0.08473004847764969,-0.20291291773319245,0.0702950730919838,-0.07572446241974831,-0.32414781153202055,0.06355510056018829
-0.09536457359790802,-0.10197053626179695,0.0965357206761837,-0.08889553993940354,-0.2055038496851921,0.08304676860570907,-0.08035335689783096,-0.32713071405887606,0.07775583490729332
-0.09327977001667023,-0.0998189017176628,0.08994046747684478,-0.08473068252205848,-0.20300294309854508,0.06788703203201293,-0.07569009214639663,-0.32454243302345276,0.060525433719158174
-0.09443830996751786,-0.10096900314092636,0.09334998577833176,-0.08709091991186142,-0.20447822660207748,0.07572700083255768,-0.07809721678495407,-0.3261683374643326,0.06959815099835395
-0.09510449543595315,-0.10161071568727494,0.09526966363191605,-0.08131426796317101,-0.20176149010658265,0.07669625580310821,-0.06364006921648979,-0.323665127158165,0.06582841202616692
-0.09297336786985397,-0.1012705571949482,0.0945607602596283,-0.06446992307901382,-0.18925975561141967,0.06455221101641655,-0.026657598093152046,-0.3033013790845871,0.033287808671593665
-0.09239436984062195,-0.10020513385534287,0.09283542186021805,-0.09006068855524063,-0.10868694335222244,0.09067690670490265,-0.018964233063161372,-0.29658386409282683,0.023537824861705303
-0.09420001804828644,-0.10145305022597313,0.09611310213804244,-0.08584449887275696,-0.16059900298714638,0.08923682868480683,-0.04505159044638276,-0.3117667704820633,0.05494437273591757
-0.08119514323771,-0.17989225536584855,0.08541283793747426,-0.09432609602808953,-0.1015347994863987,0.09695848524570465,-0.048011652566492556,-0.3143688589334488,0.060112277138978244
-0.07667358927428722,-0.19866116344928741,0.08203712850809097,-0.09489922001957893,-0.1019463635981083,0.09786477535963059,-0.05352319851517677,-0.31854172945022585,0.06588570456951856
-0.07755759879946708,-0.20043483525514602,0.08480306938290597,-0.09522877931594849,-0.10258415266871453,0.09885880425572395,-0.05554889664053917,-0.3220954775810242,0.0707387425005436
-0.07896662950515747,-0.2011826068162918,0.08587880134582519,-0.0951475203037262,-0.10261880680918693,0.0989600472152233,-0.059045583754777906,-0.3231687307357788,0.07328492850065231
-0.09537167027592659,-0.2052093654870987,0.09774731695652009,-0.09654502272605896,-0.10221527218818664,0.09963070452213288,-0.09471342414617538,-0.32750132083892824,0.10288178771734238
-0.09743026569485665,-0.20485416948795318,0.09857525303959846,-0.09676579684019089,-0.10233634039759636,0.09972764924168587,-0.10099765360355377,-0.3269680321216583,0.10440020561218262
-0.12675511613488197,-0.19915896654129028,0.11845247820019722,-0.1020640566945076,-0.10130951181054115,0.10267096683382988,-0.16046179831027985,-0.3116268128156662,0.1492644153535366
-0.1265400193631649,-0.19922874867916107,0.11603725329041481,-0.10225104317069053,-0.10169333517551422,0.10232972055673599,-0.1603836826980114,-0.3113172262907028,0.14373666048049927
-0.10007165446877479,-0.10249762535095215,0.10108809992671013,-0.11304682418704033,-0.2027301475405693,0.10594938769936561,-0.1328933894634247,-0.3201185405254364,0.12185591012239456
-0.09890356436371803,-0.10326381102204323,0.10006298944354057,-0.10472504422068596,-0.20648695677518844,0.09907598495483398,-0.11678472459316254,-0.3296264111995697,0.10673059597611427
-0.09888095408678055,-0.10329462215304375,0.10008877143263817,-0.10550253987312316,-0.20650241076946257,0.09981378987431526,-0.1184901773929596,-0.3294718831777573,0.10827432572841644
-0.09937304258346558,-0.10312711000442505,0.10031705424189567,-0.1067696452140808,-0.20482302010059356,0.09601586610078812,-0.12424963340163231,-0.3230294048786163,0.07959733754396439
-0.1003324918448925,-0.10204007625579833,0.09965254142880439,-0.1080170065164566,-0.19816783666610718,0.08675242960453033,-0.12555994912981988,-0.29476393163204195,0.043573759496212006
-0.09945698976516723,-0.10120064169168472,0.09692165777087211,-0.10348353013396264,-0.19259189069271088,0.07151842564344406,-0.11748094782233238,-0.26529004275798795,0.009364386275410651
-0.10180432349443436,-0.13431299179792405,0.07815973795950412,-0.09949344098567962,-0.15177081078290938,0.09663478694856167,-0.11452950611710548,-0.2645678251981735,0.020756502030417325
-0.09905563741922378,-0.10380165576934815,0.0996590681374073,-0.09933207854628563,-0.20207109153270722,0.08809698037803174,-0.10579086020588875,-0.3080477088689804,0.06387216607108712
-0.10004104748368263,-0.10112934708595275,0.09657672792673111,-0.10260787680745125,-0.1907282993197441,0.0651550006121397,-0.11584220752120018,-0.2572928607463837,-0.019371161051094533
-0.09994960352778434,-0.10381400287151336,0.10160584449768066,-0.10019214004278183,-0.20339272767305375,0.0908030778169632,-0.1081559494137764,-0.31441124379634855,0.052515536174178125
-0.09986183643341065,-0.10401570275425912,0.10168303549289703,-0.09987086728215218,-0.20449284613132476,0.09246265292167663,-0.10622864291071892,-0.31945771872997286,0.06302104741334916
-0.09944041892886162,-0.10499532520771027,0.10330173745751381,-0.09810696989297867,-0.2074264630675316,0.10583521202206611,-0.09505731165409088,-0.3276732057332993,0.12780256569385529
-0.10031960755586625,-0.10317758247256278,0.10185173228383064,-0.09634026885032654,-0.20290631502866746,0.11443908885121346,-0.07927554547786712,-0.2981575161218643,0.1795453757047653
-0.09983534812927246,-0.10347890630364417,0.10079799890518189,-0.0976087987422943,-0.2035325676202774,0.10575692504644393,-0.08915723040699959,-0.3088534504175186,0.14645955115556716
-0.09930323511362076,-0.10388721451163292,0.1015367791056633,-0.09637830778956413,-0.20407390147447585,0.10546031966805458,-0.08925071582198144,-0.31130138635635374,0.13805605359375478
-0.09949961379170418,-0.10419033765792847,0.10139229595661163,-0.09663981273770332,-0.20495540797710418,0.10470407083630562,-0.08984571322798729,-0.3151088416576385,0.1354445394128561
-0.0993167020380497,-0.10527198687195778,0.10269353687763214,-0.09747297614812851,-0.20828261524438857,0.10297634229063987,-0.09359678104519845,-0.3292270988225937,0.11916316971182823
-0.09935288354754448,-0.10537885576486587,0.10280349031090737,-0.09706789925694466,-0.20847786962985992,0.10404482781887055,-0.09194352999329566,-0.32876910269260406,0.12528470456600188
